WigleWifi-1.4,appRelease=2.25,model=SM-N910C,release=6.0.1,device=trelte,display=MMB29K.N910CXXU2DPI5,board=universal5433,brand=samsung,,,
MAC,SSID,AuthMode,FirstSeen,Channel,RSSI,CurrentLatitude,CurrentLongitude,AltitudeMeters,AccuracyMeters,Type
e8:94:f6:f3:5b:32,TP-LINK_F35B32,[WPA2-PSK-CCMP][WPS][ESS],30/10/2017 13:08,10,-88,32.10355436,35.18719016,614.3130683,16,WIFI
c4:12:f5:f6:3f:f6,Yuri,[WPA2-PSK-CCMP][ESS][BLE],30/10/2017 13:08,11,-87,32.10355436,35.18719016,614.3130683,16,WIFI
14:ae:db:49:29:a5,talya,[WPA2-PSK-CCMP][ESS],30/10/2017 13:08,6,-88,32.10355436,35.18719016,614.3130683,16,WIFI
14:ae:db:55:06:f5,JACOBSON,[WPA-PSK-CCMP+TKIP][WPA2-PSK-CCMP+TKIP][WPS][ESS],30/10/2017 13:08,11,-86,32.10355436,35.18719016,614.3130683,16,WIFI
78:d9:9f:f1:45:f6,Yair_2GExt,[WPA2-PSK-CCMP][WPS][ESS],30/10/2017 13:08,1,-88,32.10355436,35.18719016,614.3130683,16,WIFI
2c:30:33:62:88:ee,NETGEAR38,[WPA2-PSK-CCMP][WPS][ESS][BLE],30/10/2017 13:08,1,-90,32.10355436,35.18719016,614.3130683,16,WIFI
14:ae:db:b6:ad:bd,Bezeq_WiFi,[ESS],30/10/2017 13:08,1,-85,32.10355436,35.18719016,614.3130683,16,WIFI
42503_6791_2099201,Pelephone,UNKNOWN;il,30/10/2017 13:08,0,-65,32.10355436,35.18719016,614.3130683,16,GSM
10:5a:f7:0b:c1:b9,Nikolau_2.4,[WPA2-PSK-CCMP][ESS][BLE],30/10/2017 13:08,1,-88,32.10359335,35.18762273,617.3686209,4,WIFI
94:10:3e:a9:62:d6,egor,[WPA2-PSK-CCMP][WPS][ESS][BLE],30/10/2017 13:08,9,-90,32.10359335,35.18762273,617.3686209,4,WIFI
c4:12:f5:81:74:a6,egor,[WPA2-PSK-CCMP][ESS][BLE],30/10/2017 13:08,1,-91,32.10359335,35.18762273,617.3686209,4,WIFI
20:0c:c8:0e:e4:63,Baruch_2.4GHz,[WPA2-PSK-CCMP][WPS][ESS][BLE],30/10/2017 13:09,1,-84,32.103588,35.18818079,614.42534,6,WIFI
c4:12:f5:81:74:a5,egor_5,[WPA2-PSK-CCMP][ESS][BLE],30/10/2017 13:09,48,-89,32.103588,35.18818079,614.42534,6,WIFI
14:ae:db:b1:37:15,LEVY,[WPA2-PSK-CCMP][ESS],30/10/2017 13:09,11,-86,32.103588,35.18818079,614.42534,6,WIFI
06:ae:db:b1:37:15,BezeqFree,[WPA2-PSK-CCMP][ESS],30/10/2017 13:09,11,-86,32.103588,35.18818079,614.42534,6,WIFI
cc:b2:55:8f:ba:a9,Arnid_1,[WPA2-PSK-CCMP][ESS],30/10/2017 13:09,11,-88,32.103588,35.18818079,614.42534,6,WIFI
c8:be:19:09:7a:51,kalifa_1,[WPA2-PSK-CCMP][ESS],30/10/2017 13:09,6,-90,32.103588,35.18818079,614.42534,6,WIFI
14:ae:db:b0:5e:95,aviad,[WPA2-PSK-CCMP][ESS],30/10/2017 13:09,1,-91,32.103588,35.18818079,614.42534,6,WIFI
62:be:19:09:7a:52,Bezeq Free 097A50,[ESS],30/10/2017 13:09,6,-88,32.103588,35.18818079,614.42534,6,WIFI
94:10:3e:a9:62:d6,egor,[WPA2-PSK-CCMP][WPS][ESS][BLE],30/10/2017 13:09,9,-87,32.10352723,35.18884178,615.2684504,4,WIFI
c4:12:f5:81:74:a6,egor,[WPA2-PSK-CCMP][ESS][BLE],30/10/2017 13:09,1,-89,32.10352723,35.18884178,615.2684504,4,WIFI
04:a1:51:c8:f8:4c,Home_2.4GHz,[WPA2-PSK-CCMP][WPS][ESS][BLE],30/10/2017 13:09,1,-86,32.10352723,35.18884178,615.2684504,4,WIFI
14:ae:db:cf:d9:15,REINA,[WPA-PSK-CCMP+TKIP][WPA2-PSK-CCMP+TKIP][WPS][ESS],30/10/2017 13:09,11,-88,32.10352723,35.18884178,615.2684504,4,WIFI
14:ae:db:42:28:4d,BEZEQINT-Ivy,[WPA-PSK-CCMP+TKIP][WPA2-PSK-CCMP+TKIP][WPS][ESS],30/10/2017 13:09,11,-88,32.10352723,35.18884178,615.2684504,4,WIFI
14:ae:db:a3:30:1d,ROMAN,[WPA-PSK-CCMP+TKIP][WPA2-PSK-CCMP+TKIP][WPS][ESS],30/10/2017 13:09,6,-90,32.10352723,35.18884178,615.2684504,4,WIFI
48:ee:0c:3b:70:b1,Miri_and_Aya,[WPA-PSK-CCMP+TKIP][WPA2-PSK-CCMP+TKIP][ESS][BLE],30/10/2017 13:09,5,-91,32.10352723,35.18884178,615.2684504,4,WIFI
04:a1:51:c3:20:8a,swish_2.4,[WPA2-PSK-CCMP][WPS][ESS][BLE],30/10/2017 13:09,1,-91,32.10352723,35.18884178,615.2684504,4,WIFI
14:ae:db:c1:1a:c5,Genady,[WPA2-PSK-CCMP][ESS],30/10/2017 13:09,11,-93,32.10352723,35.18884178,615.2684504,4,WIFI
14:ae:db:3c:cc:b2,k&m,[WPA2-PSK-CCMP][ESS],30/10/2017 13:09,8,-93,32.10352723,35.18884178,615.2684504,4,WIFI
00:cd:72:ce:bf:5a,orange-HJ8C1,[WPA-PSK-CCMP+TKIP][WPA2-PSK-CCMP+TKIP][ESS],30/10/2017 13:09,9,-91,32.10352723,35.18884178,615.2684504,4,WIFI
42503_6791_2099202,Pelephone,UNKNOWN;il,30/10/2017 13:09,0,-73,32.10352723,35.18884178,615.2684504,4,GSM
14:ae:db:b0:5e:95,aviad,[WPA2-PSK-CCMP][ESS],30/10/2017 13:09,1,-91,32.10341599,35.18963208,615.8316502,4,WIFI
04:a1:51:c8:f8:4c,Home_2.4GHz,[WPA2-PSK-CCMP][WPS][ESS][BLE],30/10/2017 13:09,1,-79,32.10341599,35.18963208,615.8316502,4,WIFI
c4:04:15:65:16:e7,robertkandov2.4,[WPA2-PSK-CCMP][WPS][ESS][BLE],30/10/2017 13:09,1,-91,32.10341599,35.18963208,615.8316502,4,WIFI
00:0e:f4:c1:40:43,arkadi6018,[WPA2-PSK-CCMP][ESS][BLE],30/10/2017 13:09,6,-92,32.10341599,35.18963208,615.8316502,4,WIFI
14:ae:db:42:28:4d,BEZEQINT-Ivy,[WPA-PSK-CCMP+TKIP][WPA2-PSK-CCMP+TKIP][WPS][ESS],30/10/2017 13:09,11,-92,32.10326638,35.19053986,616.8610297,4,WIFI
14:ae:db:3c:cc:b2,k&m,[WPA2-PSK-CCMP][ESS],30/10/2017 13:09,8,-91,32.10326638,35.19053986,616.8610297,4,WIFI
42503_6791_2099202,Pelephone,UNKNOWN;il,30/10/2017 13:09,0,-69,32.10326638,35.19053986,616.8610297,4,GSM
c0:ff:d4:7a:e6:0f,bezeq123_2.4,[WPA2-PSK-CCMP][WPS][ESS][BLE],30/10/2017 13:09,1,-82,32.10305575,35.19154114,618.5765874,4,WIFI
c0:c1:c0:20:85:0b,SecondFloor,[WPA2-PSK-CCMP][WPS][ESS],30/10/2017 13:09,1,-90,32.10305575,35.19154114,618.5765874,4,WIFI
a0:4f:d4:42:b5:81,Ariel&Amir,[WPA2-PSK-CCMP][ESS][BLE],30/10/2017 13:09,1,-92,32.10305575,35.19154114,618.5765874,4,WIFI
40:b0:34:a6:a0:f8,DIRECT-F7-HP DeskJet 3700 series,[WPA2-PSK-CCMP][WPS][ESS],30/10/2017 13:09,6,-92,32.10305575,35.19154114,618.5765874,4,WIFI
62:ff:d4:7a:e6:0c,Bezeq Free,[ESS][BLE],30/10/2017 13:09,1,-81,32.10305575,35.19154114,618.5765874,4,WIFI
00:25:86:cb:fd:f8,,[ESS],30/10/2017 13:09,9,-91,32.10305575,35.19154114,618.5765874,4,WIFI
42503_6791_2099202,Pelephone,UNKNOWN;il,30/10/2017 13:09,0,-69,32.10305575,35.19154114,618.5765874,4,GSM
c0:ff:d4:7a:e6:0f,bezeq123_2.4,[WPA2-PSK-CCMP][WPS][ESS][BLE],30/10/2017 13:09,1,-82,32.10277967,35.19261855,618.0004253,4,WIFI
c0:c1:c0:20:85:0b,SecondFloor,[WPA2-PSK-CCMP][WPS][ESS],30/10/2017 13:09,1,-90,32.10277967,35.19261855,618.0004253,4,WIFI
a0:4f:d4:42:b5:81,Ariel&Amir,[WPA2-PSK-CCMP][ESS][BLE],30/10/2017 13:09,1,-92,32.10277967,35.19261855,618.0004253,4,WIFI
40:b0:34:a6:a0:f8,DIRECT-F7-HP DeskJet 3700 series,[WPA2-PSK-CCMP][WPS][ESS],30/10/2017 13:09,6,-92,32.10277967,35.19261855,618.0004253,4,WIFI
62:ff:d4:7a:e6:0c,Bezeq Free,[ESS][BLE],30/10/2017 13:09,1,-81,32.10277967,35.19261855,618.0004253,4,WIFI
00:25:86:cb:fd:f8,,[ESS],30/10/2017 13:09,9,-91,32.10277967,35.19261855,618.0004253,4,WIFI
00:02:6f:94:49:e9,EnGenius1,[WEP][ESS],30/10/2017 13:09,8,-81,32.10277967,35.19261855,618.0004253,4,WIFI
00:02:6f:94:49:e7,MigdalToYovel,[WEP][ESS],30/10/2017 13:09,3,-91,32.10277967,35.19261855,618.0004253,4,WIFI
42503_6791_2099202,Pelephone,UNKNOWN;il,30/10/2017 13:09,0,-69,32.10277967,35.19261855,618.0004253,4,GSM
00:02:6f:94:49:e9,EnGenius1,[WEP][ESS],30/10/2017 13:09,8,-82,32.10240369,35.19364457,619.4500191,4,WIFI
00:02:6f:94:49:e7,MigdalToYovel,[WEP][ESS],30/10/2017 13:09,3,-91,32.10240369,35.19364457,619.4500191,4,WIFI
14:ae:db:42:2f:f5,BEZEQINT-2FF1,[WPA-PSK-CCMP+TKIP][WPA2-PSK-CCMP+TKIP][WPS][ESS],30/10/2017 13:09,11,-90,32.10240369,35.19364457,619.4500191,4,WIFI
a0:f3:c1:6c:c3:0a,,[WPA2-PSK-CCMP][WPS][ESS],30/10/2017 13:09,6,-92,32.10240369,35.19364457,619.4500191,4,WIFI
42503_6791_2099202,Pelephone,UNKNOWN;il,30/10/2017 13:09,0,-69,32.10240369,35.19364457,619.4500191,4,GSM
50:fa:84:11:3c:3e,TP-LINK_3C3E,[WPA-PSK-CCMP][WPA2-PSK-CCMP][ESS],30/10/2017 13:09,13,-88,32.10157894,35.19528055,626.3010904,6,WIFI
14:ae:db:ba:a5:d5,Dolev_2.4,[WPA2-PSK-CCMP][ESS],30/10/2017 13:09,11,-91,32.10157894,35.19528055,626.3010904,6,WIFI
a0:ab:1b:58:62:34,olesechka,[WPA2-PSK-CCMP][ESS][BLE],30/10/2017 13:09,9,-92,32.10157894,35.19528055,626.3010904,6,WIFI
42503_6791_2099202,Pelephone,UNKNOWN;il,30/10/2017 13:09,0,-69,32.10157894,35.19528055,626.3010904,6,GSM
14:ae:db:ba:a5:d5,Dolev_2.4,[WPA2-PSK-CCMP][ESS],30/10/2017 13:09,11,-84,32.10136405,35.19566894,631.3793103,6,WIFI
06:ae:db:ba:a5:d5,BezeqFree,[WPA2-PSK-CCMP][ESS],30/10/2017 13:09,11,-84,32.10136405,35.19566894,631.3793103,6,WIFI
20:22:33:44:61:18,TP-LINK_9D00_plus,[WPA-PSK-CCMP+TKIP][WPA2-PSK-CCMP+TKIP][WPS][ESS][BLE],30/10/2017 13:09,13,-89,32.10136405,35.19566894,631.3793103,6,WIFI
50:c7:bf:8a:9d:00,TP-LINK_9D00,[WPA2-PSK-CCMP+TKIP][WPS][ESS][BLE],30/10/2017 13:09,13,-90,32.10136405,35.19566894,631.3793103,6,WIFI
10:be:f5:9e:cf:28,evgeny2,[WPA-PSK-CCMP][WPA2-PSK-CCMP][ESS],30/10/2017 13:09,5,-84,32.10131989,35.19606708,634.0349008,6,WIFI
a4:2b:b0:b0:69:ac,_______EXT1,[WPA-PSK-CCMP+TKIP][WPA2-PSK-CCMP+TKIP][ESS][BLE],30/10/2017 13:09,11,-90,32.10131989,35.19606708,634.0349008,6,WIFI
00:02:6f:8e:64:67,,[ESS],30/10/2017 13:09,1,-86,32.10131989,35.19606708,634.0349008,6,WIFI
00:25:86:cc:00:f8,AUC_54_R,[ESS],30/10/2017 13:09,5,-94,32.10131989,35.19606708,634.0349008,6,WIFI
14:ae:db:ba:a5:d5,Dolev_2.4,[WPA2-PSK-CCMP][ESS],30/10/2017 13:09,11,-91,32.10126593,35.19667021,638.6480889,4,WIFI
a0:ab:1b:58:62:34,olesechka,[WPA2-PSK-CCMP][ESS][BLE],30/10/2017 13:09,9,-88,32.10126593,35.19667021,638.6480889,4,WIFI
06:ae:db:ba:a5:d5,BezeqFree,[WPA2-PSK-CCMP][ESS],30/10/2017 13:09,11,-90,32.10126593,35.19667021,638.6480889,4,WIFI
a4:2b:b0:b0:69:ae,__5G,[WPA-PSK-CCMP+TKIP][WPA2-PSK-CCMP+TKIP][ESS][BLE],30/10/2017 13:09,40,-90,32.10126593,35.19667021,638.6480889,4,WIFI
34:ce:00:70:8e:39,Dikla_plus,[WPA-PSK-CCMP+TKIP][WPA2-PSK-CCMP+TKIP][WPS][ESS][BLE],30/10/2017 13:09,6,-89,32.10126593,35.19667021,638.6480889,4,WIFI
16:0c:c3:ee:8e:09,yelena,[WPA-PSK-CCMP+TKIP][WPA2-PSK-CCMP+TKIP][WPS][ESS],30/10/2017 13:09,6,-90,32.10126593,35.19667021,638.6480889,4,WIFI
a0:4f:d4:42:b5:81,Ariel&Amir,[WPA2-PSK-CCMP][ESS][BLE],30/10/2017 13:09,1,-90,32.10126593,35.19667021,638.6480889,4,WIFI
c4:04:15:51:50:51,EVGENY_2.4,[WPA2-PSK-CCMP][WPS][ESS][BLE],30/10/2017 13:09,1,-90,32.10126593,35.19667021,638.6480889,4,WIFI
b0:48:7a:a1:35:b6,virus,[WPA-PSK-CCMP][WPA2-PSK-CCMP][WPS][ESS],30/10/2017 13:09,4,-92,32.10126593,35.19667021,638.6480889,4,WIFI
14:ae:db:b1:df:05,47223839,[WPA2-PSK-CCMP][ESS],30/10/2017 13:09,6,-93,32.10126593,35.19667021,638.6480889,4,WIFI
24:c9:a1:36:52:18,Ariel_University,[ESS],30/10/2017 13:09,11,-90,32.10126593,35.19667021,638.6480889,4,WIFI
42503_6791_2099202,Pelephone,UNKNOWN;il,30/10/2017 13:09,0,-69,32.10126593,35.19667021,638.6480889,4,GSM
10:be:f5:9e:cf:28,evgeny2,[WPA-PSK-CCMP][WPA2-PSK-CCMP][ESS],30/10/2017 13:10,5,-85,32.10130023,35.19742879,640.2236084,4,WIFI
a4:2b:b0:b0:69:ac,_______EXT1,[WPA-PSK-CCMP+TKIP][WPA2-PSK-CCMP+TKIP][ESS][BLE],30/10/2017 13:10,11,-90,32.10130023,35.19742879,640.2236084,4,WIFI
00:02:6f:8e:64:67,,[ESS],30/10/2017 13:10,1,-92,32.10130023,35.19742879,640.2236084,4,WIFI
34:ce:00:70:8e:39,Dikla_plus,[WPA-PSK-CCMP+TKIP][WPA2-PSK-CCMP+TKIP][WPS][ESS][BLE],30/10/2017 13:10,6,-89,32.1015635,35.19828528,639.4668706,4,WIFI
b0:48:7a:a1:35:b6,virus,[WPA-PSK-CCMP][WPA2-PSK-CCMP][WPS][ESS],30/10/2017 13:10,4,-91,32.1015635,35.19828528,639.4668706,4,WIFI
a0:ab:1b:58:28:fa,Egidis,[WPA2-PSK-CCMP][ESS][BLE],30/10/2017 13:10,2,-91,32.1015635,35.19828528,639.4668706,4,WIFI
06:ae:db:b1:61:d5,BezeqFree,[WPA2-PSK-CCMP][ESS],30/10/2017 13:10,11,-91,32.1015635,35.19828528,639.4668706,4,WIFI
14:ae:db:3b:cc:d5,elena5,[WPA2-PSK-CCMP][ESS],30/10/2017 13:10,6,-93,32.1015635,35.19828528,639.4668706,4,WIFI
42503_6791_2099202,Pelephone,UNKNOWN;il,30/10/2017 13:10,0,-69,32.1015635,35.19828528,639.4668706,4,GSM
00:02:6f:8e:64:67,,[ESS],30/10/2017 13:10,1,-90,32.10192468,35.19916705,638.7106255,4,WIFI
b0:48:7a:a1:35:b6,virus,[WPA-PSK-CCMP][WPA2-PSK-CCMP][WPS][ESS],30/10/2017 13:10,4,-89,32.10225321,35.20004451,642.9040561,4,WIFI
14:ae:db:4e:37:3d,haim25,[WPA-PSK-CCMP+TKIP][WPA2-PSK-CCMP+TKIP][WPS][ESS],30/10/2017 13:10,1,-88,32.10225321,35.20004451,642.9040561,4,WIFI
42503_6791_2099202,Pelephone,UNKNOWN;il,30/10/2017 13:10,0,-69,32.10225321,35.20004451,642.9040561,4,GSM
00:02:6f:8e:64:67,,[ESS],30/10/2017 13:10,1,-91,32.10258851,35.20094155,650.2751688,4,WIFI
24:c9:a1:35:a9:b8,Ariel_University,[ESS],30/10/2017 13:10,11,-90,32.10258851,35.20094155,650.2751688,4,WIFI
8c:0c:90:ae:f0:03,,[WPA2-PSK-CCMP][ESS],30/10/2017 13:10,6,-90,32.10286393,35.20191556,652.1305155,4,WIFI
8c:0c:90:2f:ca:18,Ariel_University,[ESS],30/10/2017 13:10,6,-86,32.10286393,35.20191556,652.1305155,4,WIFI
24:c9:a1:36:52:18,Ariel_University,[ESS],30/10/2017 13:10,11,-88,32.10286393,35.20191556,652.1305155,4,WIFI
8c:0c:90:30:04:38,Ariel_University,[ESS],30/10/2017 13:10,11,-89,32.10286393,35.20191556,652.1305155,4,WIFI
1c:b9:c4:15:23:58,Ariel_University,[ESS][BLE],30/10/2017 13:10,11,-93,32.10286393,35.20191556,652.1305155,4,WIFI
00:25:86:cc:07:b2,KCG_54,[ESS],30/10/2017 13:10,2,-87,32.10286393,35.20191556,652.1305155,4,WIFI
00:25:86:cc:00:f8,AUC_54_R,[ESS],30/10/2017 13:10,5,-90,32.10286393,35.20191556,652.1305155,4,WIFI
42503_6791_2099202,Pelephone,UNKNOWN;il,30/10/2017 13:10,0,-69,32.10286393,35.20191556,652.1305155,4,GSM
24:c9:a1:35:a9:b8,Ariel_University,[ESS],30/10/2017 13:10,11,-91,32.10302766,35.20294314,652.1483499,4,WIFI
8c:0c:90:ae:f0:03,,[WPA2-PSK-CCMP][ESS],30/10/2017 13:10,6,-89,32.10302766,35.20294314,652.1483499,4,WIFI
8c:0c:90:2f:ca:18,Ariel_University,[ESS],30/10/2017 13:10,6,-88,32.10302766,35.20294314,652.1483499,4,WIFI
24:c9:a1:36:52:18,Ariel_University,[ESS],30/10/2017 13:10,11,-88,32.10302766,35.20294314,652.1483499,4,WIFI
8c:0c:90:30:04:38,Ariel_University,[ESS],30/10/2017 13:10,11,-89,32.10302766,35.20294314,652.1483499,4,WIFI
1c:b9:c4:15:23:58,Ariel_University,[ESS][BLE],30/10/2017 13:10,11,-93,32.10302766,35.20294314,652.1483499,4,WIFI
00:25:86:cc:07:b2,KCG_54,[ESS],30/10/2017 13:10,2,-87,32.10302766,35.20294314,652.1483499,4,WIFI
00:25:86:cc:00:f8,AUC_54_R,[ESS],30/10/2017 13:10,5,-91,32.10302766,35.20294314,652.1483499,4,WIFI
10:be:f5:3b:e5:c2,Dodeles 2.4,[WPA2-PSK-CCMP][ESS][BLE],30/10/2017 13:10,11,-90,32.10302766,35.20294314,652.1483499,4,WIFI
24:c9:a1:15:7d:e8,Ariel_University,[ESS],30/10/2017 13:10,11,-89,32.10302766,35.20294314,652.1483499,4,WIFI
42503_6791_2099202,Pelephone,UNKNOWN;il,30/10/2017 13:10,0,-69,32.10302766,35.20294314,652.1483499,4,GSM
24:c9:a1:35:a9:b8,Ariel_University,[ESS],30/10/2017 13:10,11,-91,32.10305652,35.20403932,651.2621315,4,WIFI
8c:0c:90:ae:f0:03,,[WPA2-PSK-CCMP][ESS],30/10/2017 13:10,6,-89,32.10305652,35.20403932,651.2621315,4,WIFI
8c:0c:90:2f:ca:18,Ariel_University,[ESS],30/10/2017 13:10,6,-87,32.10305652,35.20403932,651.2621315,4,WIFI
00:25:86:cc:00:f8,AUC_54_R,[ESS],30/10/2017 13:10,5,-91,32.10305652,35.20403932,651.2621315,4,WIFI
10:be:f5:3b:e5:c2,Dodeles 2.4,[WPA2-PSK-CCMP][ESS][BLE],30/10/2017 13:10,11,-90,32.10305652,35.20403932,651.2621315,4,WIFI
24:c9:a1:15:7d:e8,Ariel_University,[ESS],30/10/2017 13:10,11,-89,32.10305652,35.20403932,651.2621315,4,WIFI
6c:19:8f:49:bb:f0,Mock_Home,[WPA2-PSK-CCMP][ESS],30/10/2017 13:10,6,-83,32.10305652,35.20403932,651.2621315,4,WIFI
6c:b0:ce:36:be:03,Friends_5,[WPA2-PSK-CCMP][WPS][ESS][BLE],30/10/2017 13:10,60,-88,32.10305652,35.20403932,651.2621315,4,WIFI
e4:6f:13:70:0f:e8,shayovits,[WPA2-PSK-CCMP][ESS][BLE],30/10/2017 13:10,10,-91,32.10305652,35.20403932,651.2621315,4,WIFI
62:6f:13:70:0f:e9,BezeqFree,[WPA2-PSK-CCMP][ESS][BLE],30/10/2017 13:10,10,-91,32.10305652,35.20403932,651.2621315,4,WIFI
00:25:86:cb:fd:f8,,[ESS],30/10/2017 13:10,9,-88,32.10305652,35.20403932,651.2621315,4,WIFI
42503_6791_2099202,Pelephone,UNKNOWN;il,30/10/2017 13:10,0,-69,32.10305652,35.20403932,651.2621315,4,GSM
24:c9:a1:35:a9:b8,Ariel_University,[ESS],30/10/2017 13:10,11,-90,32.10294998,35.20516797,654.3305484,4,WIFI
8c:0c:90:2f:ca:18,Ariel_University,[ESS],30/10/2017 13:10,6,-87,32.10294998,35.20516797,654.3305484,4,WIFI
6c:19:8f:49:bb:f0,Mock_Home,[WPA2-PSK-CCMP][ESS],30/10/2017 13:10,6,-88,32.10294998,35.20516797,654.3305484,4,WIFI
6c:b0:ce:36:be:03,Friends_5,[WPA2-PSK-CCMP][WPS][ESS][BLE],30/10/2017 13:10,60,-88,32.10294998,35.20516797,654.3305484,4,WIFI
e4:6f:13:70:0f:e8,shayovits,[WPA2-PSK-CCMP][ESS][BLE],30/10/2017 13:10,10,-91,32.10294998,35.20516797,654.3305484,4,WIFI
62:6f:13:70:0f:e9,BezeqFree,[WPA2-PSK-CCMP][ESS][BLE],30/10/2017 13:10,10,-91,32.10294998,35.20516797,654.3305484,4,WIFI
00:25:86:cb:fd:f8,,[ESS],30/10/2017 13:10,9,-88,32.10294998,35.20516797,654.3305484,4,WIFI
84:16:f9:ca:ad:c4,Roshaket,[WPA-PSK-CCMP+TKIP][WPA2-PSK-CCMP+TKIP][ESS][BLE],30/10/2017 13:10,11,-87,32.10294998,35.20516797,654.3305484,4,WIFI
74:da:38:30:20:d9,big mama 2.4 F2,[WPA2-PSK-CCMP][ESS],30/10/2017 13:10,2,-89,32.10294998,35.20516797,654.3305484,4,WIFI
00:26:5a:10:b5:c6,bruce,[WPA-PSK-TKIP][ESS],30/10/2017 13:10,6,-94,32.10294998,35.20516797,654.3305484,4,WIFI
5c:d9:98:c6:91:ba,h123,[WEP][ESS],30/10/2017 13:10,6,-90,32.10294998,35.20516797,654.3305484,4,WIFI
00:25:86:cc:07:b2,KCG_54,[ESS],30/10/2017 13:10,2,-93,32.10294998,35.20516797,654.3305484,4,WIFI
42503_6791_2099202,Pelephone,UNKNOWN;il,30/10/2017 13:10,0,-69,32.10294998,35.20516797,654.3305484,4,GSM
a0:ab:1b:62:93:bc,Levin,[WPA2-PSK-CCMP][ESS][BLE],30/10/2017 13:10,1,-81,32.10276645,35.20614735,658.6098799,4,WIFI
a0:ab:1b:58:39:8a,elisusann947,[WPA2-PSK-CCMP][ESS][BLE],30/10/2017 13:10,5,-89,32.10276645,35.20614735,658.6098799,4,WIFI
14:ae:db:c1:04:5d,Tal,[WPA2-PSK-CCMP][ESS],30/10/2017 13:10,11,-91,32.10276645,35.20614735,658.6098799,4,WIFI
14:ae:db:c9:60:3d,Idan,[WPA2-PSK-CCMP][ESS],30/10/2017 13:10,6,-91,32.10276645,35.20614735,658.6098799,4,WIFI
06:ae:db:b1:63:c5,BezeqFree,[WPA2-PSK-CCMP][ESS],30/10/2017 13:10,6,-92,32.10276645,35.20614735,658.6098799,4,WIFI
08:97:58:32:aa:ae,NIPPON_3084,[WPA-PSK-CCMP][WPS][ESS],30/10/2017 13:10,2,-72,32.10259355,35.20692012,663.8304045,4,WIFI
ec:8c:a2:88:77:47,,[WPA2-PSK-CCMP][ESS][BLE],30/10/2017 13:10,58,-87,32.10259355,35.20692012,663.8304045,4,WIFI
ec:8c:a2:89:03:37,,[WPA2-PSK-CCMP][ESS][BLE],30/10/2017 13:10,52,-88,32.10259355,35.20692012,663.8304045,4,WIFI
14:ae:db:4d:d3:ed,aharon,[WPA2-PSK-CCMP+TKIP][ESS],30/10/2017 13:10,1,-93,32.10259355,35.20692012,663.8304045,4,WIFI
ec:8c:a2:08:77:4c,Ariel_University,[ESS][BLE],30/10/2017 13:10,58,-86,32.10259355,35.20692012,663.8304045,4,WIFI
ec:8c:a2:09:03:3c,Ariel_University,[ESS][BLE],30/10/2017 13:10,52,-87,32.10259355,35.20692012,663.8304045,4,WIFI
1c:b9:c4:14:2b:1c,Ariel_University,[ESS][BLE],30/10/2017 13:10,36,-89,32.10259355,35.20692012,663.8304045,4,WIFI
ec:8c:a2:09:03:38,Ariel_University,[ESS][BLE],30/10/2017 13:10,11,-89,32.10259355,35.20692012,663.8304045,4,WIFI
00:25:86:cb:fd:f8,,[ESS],30/10/2017 13:10,9,-91,32.10259355,35.20692012,663.8304045,4,WIFI
42503_6791_2099202,Pelephone,UNKNOWN;il,30/10/2017 13:10,0,-69,32.10259355,35.20692012,663.8304045,4,GSM
d8:fe:e3:03:5a:31,Moria,[WPA2-PSK-CCMP][ESS],30/10/2017 13:10,1,-90,32.10247344,35.20736327,668.8396164,4,WIFI
1c:b9:c4:16:f4:7c,Ariel_University,[ESS][BLE],30/10/2017 13:10,36,-85,32.10247344,35.20736327,668.8396164,4,WIFI
1c:b9:c4:16:d2:8c,Ariel_University,[ESS][BLE],30/10/2017 13:10,58,-90,32.10247344,35.20736327,668.8396164,4,WIFI
1c:b9:c4:16:28:fc,Ariel_University,[ESS][BLE],30/10/2017 13:10,36,-90,32.10247344,35.20736327,668.8396164,4,WIFI
1c:b9:c4:16:f1:9c,Ariel_University,[ESS][BLE],30/10/2017 13:10,36,-90,32.10247344,35.20736327,668.8396164,4,WIFI
1c:b9:c4:16:f4:78,Ariel_University,[ESS][BLE],30/10/2017 13:10,1,-87,32.10247344,35.20736327,668.8396164,4,WIFI
1c:b9:c4:15:36:88,Ariel_University,[ESS][BLE],30/10/2017 13:10,11,-91,32.10247344,35.20736327,668.8396164,4,WIFI
ec:8c:a2:08:77:48,Ariel_University,[ESS][BLE],30/10/2017 13:10,1,-91,32.10247344,35.20736327,668.8396164,4,WIFI
00:25:86:cc:00:f8,AUC_54_R,[ESS],30/10/2017 13:10,5,-90,32.10247344,35.20736327,668.8396164,4,WIFI
00:25:86:cc:07:b2,KCG_54,[ESS],30/10/2017 13:10,2,-91,32.10247344,35.20736327,668.8396164,4,WIFI
d8:fe:e3:03:5a:31,Moria,[WPA2-PSK-CCMP][ESS],30/10/2017 13:11,1,-85,32.10245666,35.20759101,673.5140702,4,WIFI
1c:b9:c4:96:f4:77,,[WPA2-PSK-CCMP][ESS][BLE],30/10/2017 13:11,36,-82,32.10245666,35.20759101,673.5140702,4,WIFI
06:ae:db:3a:64:05,BezeqFree,[WPA2-PSK-CCMP][ESS],30/10/2017 13:11,11,-84,32.10245666,35.20759101,673.5140702,4,WIFI
14:ae:db:32:52:12,surikat,[WPA2-PSK-CCMP][ESS],30/10/2017 13:11,5,-86,32.10245666,35.20759101,673.5140702,4,WIFI
14:ae:db:3a:64:05,tanya,[WPA2-PSK-CCMP][ESS],30/10/2017 13:11,11,-87,32.10245666,35.20759101,673.5140702,4,WIFI
10:be:f5:a7:b4:f4,Home,[WPA2-PSK-CCMP][ESS][BLE],30/10/2017 13:11,7,-91,32.10245666,35.20759101,673.5140702,4,WIFI
6c:b0:ce:39:89:e7,amfisa2.4,[WPA2-PSK-CCMP][WPS][ESS][BLE],30/10/2017 13:11,11,-91,32.10245666,35.20759101,673.5140702,4,WIFI
80:37:73:d7:ab:3a,Hoom_2.4,[WPA2-PSK-CCMP][WPS][ESS][BLE],30/10/2017 13:11,1,-91,32.10245666,35.20759101,673.5140702,4,WIFI
1c:b9:c4:14:33:cc,Ariel_University,[ESS][BLE],30/10/2017 13:11,36,-86,32.10245666,35.20759101,673.5140702,4,WIFI
ec:8c:a2:08:94:1c,Ariel_University,[ESS][BLE],30/10/2017 13:11,40,-90,32.10245666,35.20759101,673.5140702,4,WIFI
ec:8c:a2:08:a9:38,Ariel_University,[ESS][BLE],30/10/2017 13:11,1,-86,32.10245666,35.20759101,673.5140702,4,WIFI
ec:8c:a2:08:78:cc,Ariel_University,[ESS][BLE],30/10/2017 13:11,40,-92,32.10245666,35.20759101,673.5140702,4,WIFI
ec:8c:a2:08:94:18,Ariel_University,[ESS][BLE],30/10/2017 13:11,1,-90,32.10245666,35.20759101,673.5140702,4,WIFI
ec:8c:a2:09:03:3c,Ariel_University,[ESS][BLE],30/10/2017 13:11,52,-81,32.10276965,35.20764343,678.0945698,4,WIFI
ec:8c:a2:09:03:38,Ariel_University,[ESS][BLE],30/10/2017 13:11,11,-76,32.10276965,35.20764343,678.0945698,4,WIFI
ec:8c:a2:89:03:37,,[WPA2-PSK-CCMP][ESS][BLE],30/10/2017 13:11,52,-82,32.10276965,35.20764343,678.0945698,4,WIFI
ec:8c:a2:88:94:17,,[WPA2-PSK-CCMP][ESS][BLE],30/10/2017 13:11,40,-90,32.10276965,35.20764343,678.0945698,4,WIFI
ec:8c:a2:88:78:c7,,[WPA2-PSK-CCMP][ESS][BLE],30/10/2017 13:11,40,-91,32.10276965,35.20764343,678.0945698,4,WIFI
a0:ab:1b:64:12:fa,omer,[WPA2-PSK-CCMP][ESS][BLE],30/10/2017 13:11,2,-91,32.10276965,35.20764343,678.0945698,4,WIFI
00:21:04:4c:2a:a2,Yan,[WPA-PSK-CCMP+TKIP][WPA2-PSK-CCMP+TKIP][ESS],30/10/2017 13:11,6,-90,32.10276965,35.20764343,678.0945698,4,WIFI
1c:b9:c4:16:d2:88,Ariel_University,[ESS][BLE],30/10/2017 13:11,11,-88,32.10276965,35.20764343,678.0945698,4,WIFI
1c:b9:c4:15:43:e8,Ariel_University,[ESS][BLE],30/10/2017 13:11,1,-88,32.10276965,35.20764343,678.0945698,4,WIFI
ec:8c:a2:08:99:68,Ariel_University,[ESS][BLE],30/10/2017 13:11,6,-89,32.10276965,35.20764343,678.0945698,4,WIFI
1c:b9:c4:14:33:c8,Ariel_University,[ESS][BLE],30/10/2017 13:11,11,-89,32.10276965,35.20764343,678.0945698,4,WIFI
ec:8c:a2:08:94:18,Ariel_University,[ESS][BLE],30/10/2017 13:11,1,-81,32.10315243,35.20778256,676.3139838,4,WIFI
ec:8c:a2:88:7a:17,,[WPA2-PSK-CCMP][ESS][BLE],30/10/2017 13:11,48,-86,32.10315243,35.20778256,676.3139838,4,WIFI
ec:8c:a2:88:7b:87,,[WPA2-PSK-CCMP][ESS][BLE],30/10/2017 13:11,36,-90,32.10315243,35.20778256,676.3139838,4,WIFI
00:25:86:cb:fd:f8,,[ESS],30/10/2017 13:11,9,-77,32.10315243,35.20778256,676.3139838,4,WIFI
ec:8c:a2:08:a9:3c,Ariel_University,[ESS][BLE],30/10/2017 13:11,36,-86,32.10315243,35.20778256,676.3139838,4,WIFI
ec:8c:a2:09:0c:cc,Ariel_University,[ESS][BLE],30/10/2017 13:11,58,-89,32.10315243,35.20778256,676.3139838,4,WIFI
ec:8c:a2:08:7a:1c,Ariel_University,[ESS][BLE],30/10/2017 13:11,48,-89,32.10315243,35.20778256,676.3139838,4,WIFI
ec:8c:a2:08:7b:8c,Ariel_University,[ESS][BLE],30/10/2017 13:11,36,-92,32.10315243,35.20778256,676.3139838,4,WIFI
ec:8c:a2:09:93:b8,Ariel_University,[ESS][BLE],30/10/2017 13:11,6,-90,32.10315243,35.20778256,676.3139838,4,WIFI
1c:b9:c4:12:90:b8,Ariel_University,[ESS][BLE],30/10/2017 13:11,11,-90,32.10315243,35.20778256,676.3139838,4,WIFI
ec:8c:a2:88:7a:17,,[WPA2-PSK-CCMP][ESS][BLE],30/10/2017 13:11,48,-77,32.10335262,35.2078055,675.1024622,6,WIFI
ec:8c:a2:08:7a:1c,Ariel_University,[ESS][BLE],30/10/2017 13:11,48,-73,32.10335262,35.2078055,675.1024622,6,WIFI
ec:8c:a2:88:a9:37,,[WPA2-PSK-CCMP][ESS][BLE],30/10/2017 13:11,36,-78,32.10335262,35.2078055,675.1024622,6,WIFI
ec:8c:a2:08:78:3c,Ariel_University,[ESS][BLE],30/10/2017 13:11,36,-87,32.10335262,35.2078055,675.1024622,6,WIFI
ec:8c:a2:08:a9:28,Ariel_University,[ESS][BLE],30/10/2017 13:11,11,-84,32.10335262,35.2078055,675.1024622,6,WIFI
ec:8c:a2:08:a9:2c,Ariel_University,[ESS][BLE],30/10/2017 13:11,44,-89,32.10335262,35.2078055,675.1024622,6,WIFI
ec:8c:a2:09:8c:3c,Ariel_University,[ESS][BLE],30/10/2017 13:11,44,-90,32.10335262,35.2078055,675.1024622,6,WIFI
ec:8c:a2:26:b0:58,Ariel_University,[ESS][BLE],30/10/2017 13:11,11,-85,32.10335262,35.2078055,675.1024622,6,WIFI
ec:8c:a2:26:ae:28,Ariel_University,[ESS][BLE],30/10/2017 13:11,6,-86,32.10335262,35.2078055,675.1024622,6,WIFI
ec:8c:a2:08:a9:38,Ariel_University,[ESS][BLE],30/10/2017 13:11,1,-78,32.10356044,35.20784083,676.2170871,4,WIFI
ec:8c:a2:08:7b:8c,Ariel_University,[ESS][BLE],30/10/2017 13:11,36,-85,32.10356044,35.20784083,676.2170871,4,WIFI
ec:8c:a2:08:a9:28,Ariel_University,[ESS][BLE],30/10/2017 13:11,11,-78,32.10356044,35.20784083,676.2170871,4,WIFI
00:25:86:cc:00:f8,AUC_54_R,[ESS],30/10/2017 13:11,5,-92,32.10356044,35.20784083,676.2170871,4,WIFI
ec:8c:a2:89:0c:c7,,[WPA2-PSK-CCMP][ESS][BLE],30/10/2017 13:11,58,-87,32.10356044,35.20784083,676.2170871,4,WIFI
ec:8c:a2:89:8c:37,,[WPA2-PSK-CCMP][ESS][BLE],30/10/2017 13:11,44,-90,32.10356044,35.20784083,676.2170871,4,WIFI
1c:b9:c4:16:d2:8c,Ariel_University,[ESS][BLE],30/10/2017 13:11,58,-78,32.10356044,35.20784083,676.2170871,4,WIFI
ec:8c:a2:09:0c:c8,Ariel_University,[ESS][BLE],30/10/2017 13:11,11,-82,32.10356044,35.20784083,676.2170871,4,WIFI
ec:8c:a2:08:7a:18,Ariel_University,[ESS][BLE],30/10/2017 13:11,1,-84,32.10356044,35.20784083,676.2170871,4,WIFI
ec:8c:a2:08:94:1c,Ariel_University,[ESS][BLE],30/10/2017 13:11,40,-91,32.10356044,35.20784083,676.2170871,4,WIFI
ec:8c:a2:08:7b:88,Ariel_University,[ESS][BLE],30/10/2017 13:11,6,-87,32.10356044,35.20784083,676.2170871,4,WIFI
ec:8c:a2:08:78:38,Ariel_University,[ESS][BLE],30/10/2017 13:11,1,-88,32.10356044,35.20784083,676.2170871,4,WIFI
00:27:22:f3:bb:3a,,[ESS],30/10/2017 13:11,6,-90,32.10356044,35.20784083,676.2170871,4,WIFI
ec:8c:a2:09:03:3c,Ariel_University,[ESS][BLE],30/10/2017 13:11,52,-86,32.10388809,35.20788885,676.5725756,4,WIFI
ec:8c:a2:09:03:38,Ariel_University,[ESS][BLE],30/10/2017 13:11,11,-81,32.10388809,35.20788885,676.5725756,4,WIFI
ec:8c:a2:08:7b:8c,Ariel_University,[ESS][BLE],30/10/2017 13:11,36,-73,32.10388809,35.20788885,676.5725756,4,WIFI
ec:8c:a2:08:a9:2c,Ariel_University,[ESS][BLE],30/10/2017 13:11,44,-75,32.10388809,35.20788885,676.5725756,4,WIFI
ec:8c:a2:26:ae:28,Ariel_University,[ESS][BLE],30/10/2017 13:11,6,-77,32.10388809,35.20788885,676.5725756,4,WIFI
ec:8c:a2:08:7a:18,Ariel_University,[ESS][BLE],30/10/2017 13:11,1,-74,32.10388809,35.20788885,676.5725756,4,WIFI
00:27:22:f3:bb:3a,,[ESS],30/10/2017 13:11,6,-84,32.10388809,35.20788885,676.5725756,4,WIFI
ec:8c:a2:88:7b:87,,[WPA2-PSK-CCMP][ESS][BLE],30/10/2017 13:11,36,-70,32.10388809,35.20788885,676.5725756,4,WIFI
ec:8c:a2:88:a9:27,,[WPA2-PSK-CCMP][ESS][BLE],30/10/2017 13:11,44,-76,32.10388809,35.20788885,676.5725756,4,WIFI
ec:8c:a2:08:90:cc,Ariel_University,[ESS][BLE],30/10/2017 13:11,36,-86,32.10388809,35.20788885,676.5725756,4,WIFI
1c:b9:c4:16:11:a8,Ariel_University,[ESS][BLE],30/10/2017 13:11,1,-90,32.10388809,35.20788885,676.5725756,4,WIFI
ec:8c:a2:09:8c:38,Ariel_University,[ESS][BLE],30/10/2017 13:11,1,-91,32.10388809,35.20788885,676.5725756,4,WIFI
42503_6791_2099202,Pelephone,UNKNOWN;il,30/10/2017 13:11,0,-69,32.10388809,35.20788885,676.5725756,4,GSM
00:25:86:cb:fd:f8,,[ESS],30/10/2017 13:11,9,-87,32.10423759,35.20792191,678.3264036,4,WIFI
00:27:22:f3:bb:86,,[ESS],30/10/2017 13:11,1,-81,32.10423759,35.20792191,678.3264036,4,WIFI
00:25:86:cc:07:b2,KCG_54,[ESS],30/10/2017 13:11,2,-88,32.10423759,35.20792191,678.3264036,4,WIFI
ec:8c:a2:08:a9:28,Ariel_University,[ESS][BLE],30/10/2017 13:11,11,-86,32.10460959,35.20801652,677.7367266,4,WIFI
ec:8c:a2:08:7b:88,Ariel_University,[ESS][BLE],30/10/2017 13:11,6,-83,32.10460959,35.20801652,677.7367266,4,WIFI
ec:8c:a2:08:92:48,Ariel_University,[ESS][BLE],30/10/2017 13:11,6,-81,32.10460959,35.20801652,677.7367266,4,WIFI
84:c9:b2:4a:e7:87,dlink,[WPS][ESS],30/10/2017 13:11,2,-84,32.10460959,35.20801652,677.7367266,4,WIFI
ec:8c:a2:08:92:4c,Ariel_University,[ESS][BLE],30/10/2017 13:11,44,-88,32.10460959,35.20801652,677.7367266,4,WIFI
ec:8c:a2:26:d2:c8,Ariel_University,[ESS][BLE],30/10/2017 13:11,11,-93,32.10460959,35.20801652,677.7367266,4,WIFI
1c:b9:c4:16:05:38,Ariel_University,[ESS][BLE],30/10/2017 13:11,1,-88,32.1048312,35.2083873,674.0991532,4,WIFI
f0:b0:52:3e:d6:f8,Ariel_University,[ESS][BLE],30/10/2017 13:11,1,-90,32.1048312,35.2083873,674.0991532,4,WIFI
00:27:22:f3:e0:83,,[ESS],30/10/2017 13:11,11,-91,32.1048312,35.2083873,674.0991532,4,WIFI
42503_6791_2099202,Pelephone,UNKNOWN;il,30/10/2017 13:11,0,-69,32.10511573,35.20883765,672.2762066,4,GSM
1c:b9:c4:96:05:37,,[WPA2-PSK-CCMP][ESS][BLE],30/10/2017 13:11,44,-89,32.1053968,35.20926725,672.3019649,4,WIFI
f8:d1:11:77:75:4e,iAgree,[WPA-PSK-CCMP+TKIP][WPA2-PSK-CCMP+TKIP][ESS],30/10/2017 13:11,9,-86,32.1053968,35.20926725,672.3019649,4,WIFI
c4:12:f5:85:27:b8,Neuropplied,[WPA2-PSK-CCMP][ESS][BLE],30/10/2017 13:11,11,-90,32.1053968,35.20926725,672.3019649,4,WIFI
00:1a:2f:7f:6b:70,,[WPA2-PSK-CCMP][ESS],30/10/2017 13:11,13,-90,32.1053968,35.20926725,672.3019649,4,WIFI
1c:b9:c4:16:05:3c,Ariel_University,[ESS][BLE],30/10/2017 13:11,44,-89,32.1053968,35.20926725,672.3019649,4,WIFI
00:1a:dd:f5:d4:64,PEPWAVE_733D,[WPA-PSK-CCMP+TKIP][WPA2-PSK-CCMP+TKIP][ESS],30/10/2017 13:11,8,-93,32.10556766,35.20953333,672.0327975,4,WIFI
02:02:29:1d:f2:b9,REL-WIFI,[WEP][IBSS],30/10/2017 13:11,11,-80,32.10556766,35.20953333,672.0327975,4,WIFI
1c:b9:c4:14:2f:ac,Ariel_University,[ESS][BLE],30/10/2017 13:11,44,-90,32.10556766,35.20953333,672.0327975,4,WIFI
00:1a:dd:f5:c1:65,Afikim_Wifi,[ESS],30/10/2017 13:11,6,-85,32.10556766,35.20953333,672.0327975,4,WIFI
00:1a:dd:e3:5e:64,Wirless-Afikim,[ESS],30/10/2017 13:11,3,-87,32.10556766,35.20953333,672.0327975,4,WIFI
00:1a:dd:f5:c1:64,,[ESS],30/10/2017 13:11,6,-88,32.10556766,35.20953333,672.0327975,4,WIFI
00:1a:dd:e3:5e:65,,[ESS],30/10/2017 13:11,3,-88,32.10556766,35.20953333,672.0327975,4,WIFI
00:27:22:f3:a6:9a,,[ESS],30/10/2017 13:11,6,-89,32.10556766,35.20953333,672.0327975,4,WIFI
00:27:22:f3:e2:f3,,[ESS],30/10/2017 13:11,6,-90,32.10556766,35.20953333,672.0327975,4,WIFI
00:1a:2f:7f:6b:70,,[WPA2-PSK-CCMP][ESS],30/10/2017 13:12,13,-85,32.10556766,35.20953333,671.9812297,4,WIFI
00:1a:dd:f5:c1:65,Afikim_Wifi,[ESS],30/10/2017 13:12,6,-63,32.10556766,35.20953333,671.9812297,4,WIFI
00:1a:dd:f5:c1:64,,[ESS],30/10/2017 13:12,6,-63,32.10556766,35.20953333,671.9812297,4,WIFI
1c:b9:c4:15:42:6c,Ariel_University,[ESS][BLE],30/10/2017 13:12,60,-90,32.10556766,35.20953333,671.9812297,4,WIFI
00:1a:dd:f5:cb:a5,Afikim_Wifi,[ESS],30/10/2017 13:12,10,-87,32.10556766,35.20953333,671.9812297,4,WIFI
00:1a:dd:f5:cb:a4,,[ESS],30/10/2017 13:12,10,-88,32.10556766,35.20953333,671.9812297,4,WIFI
1c:b9:c4:16:05:38,Ariel_University,[ESS][BLE],30/10/2017 13:12,1,-91,32.10556766,35.20953333,671.9812297,4,WIFI
1c:b9:c4:16:06:e8,Ariel_University,[ESS][BLE],30/10/2017 13:12,11,-91,32.10556766,35.20953333,671.9812297,4,WIFI
00:1a:dd:f4:f4:c5,Afikim_Wifi,[ESS],30/10/2017 13:12,13,-85,32.1056582,35.20952954,671.9454306,4,WIFI
00:1a:dd:f5:cb:a5,Afikim_Wifi,[ESS],30/10/2017 13:12,10,-81,32.10567963,35.20951969,672.046078,4,WIFI
00:1a:dd:f5:cb:a4,,[ESS],30/10/2017 13:12,10,-82,32.10567963,35.20951969,672.046078,4,WIFI
00:1a:dd:f4:f4:c5,Afikim_Wifi,[ESS],30/10/2017 13:12,13,-76,32.10567963,35.20951969,672.046078,4,WIFI
00:1a:dd:f5:d4:64,PEPWAVE_733D,[WPA-PSK-CCMP+TKIP][WPA2-PSK-CCMP+TKIP][ESS],30/10/2017 13:12,8,-88,32.10567963,35.20951969,672.046078,4,WIFI
00:1a:dd:f4:f4:c4,,[ESS],30/10/2017 13:12,13,-72,32.10567963,35.20951969,672.046078,4,WIFI
00:1a:dd:e3:5e:65,,[ESS],30/10/2017 13:12,3,-83,32.10567963,35.20951969,672.046078,4,WIFI
00:1a:dd:f5:cb:a5,Afikim_Wifi,[ESS],30/10/2017 13:12,10,-69,32.10567963,35.20951969,672.0468415,6,WIFI
00:1a:dd:f5:cb:a4,,[ESS],30/10/2017 13:12,10,-69,32.10567963,35.20951969,672.0468415,6,WIFI
24:1f:a0:1d:48:fb,HUAWEI_Grace_A9A9,[WPA2-PSK-CCMP][ESS],30/10/2017 13:12,6,-92,32.10567963,35.20951969,672.0468415,6,WIFI
00:1a:dd:f5:cb:a5,Afikim_Wifi,[ESS],30/10/2017 13:12,10,-63,32.10570305,35.20945017,672.2495705,4,WIFI
00:1a:dd:f5:cb:a4,,[ESS],30/10/2017 13:12,10,-62,32.10570305,35.20945017,672.2495705,4,WIFI
1c:b9:c4:15:44:5c,Ariel_University,[ESS][BLE],30/10/2017 13:12,36,-92,32.10582472,35.20933584,672.3851341,4,WIFI
1c:b9:c4:15:fd:4c,Ariel_University,[ESS][BLE],30/10/2017 13:12,36,-89,32.10609857,35.20904175,672.5051094,4,WIFI
1c:b9:c4:95:fd:47,,[WPA2-PSK-CCMP][ESS][BLE],30/10/2017 13:12,36,-89,32.10621273,35.20892916,673.1726573,4,WIFI
1c:b9:c4:95:44:57,,[WPA2-PSK-CCMP][ESS][BLE],30/10/2017 13:12,36,-90,32.10621273,35.20892916,673.1726573,4,WIFI
1c:b9:c4:16:05:78,Ariel_University,[ESS][BLE],30/10/2017 13:12,6,-91,32.10621273,35.20892916,673.1726573,4,WIFI
42503_6791_2099202,Pelephone,UNKNOWN;il,30/10/2017 13:12,0,-69,32.10621273,35.20892916,673.1726573,4,GSM
ec:8c:a2:26:d2:c8,Ariel_University,[ESS][BLE],30/10/2017 13:12,11,-90,32.10621791,35.2088613,673.3228993,4,WIFI
f0:b0:52:3e:c7:b8,Ariel_University,[ESS][BLE],30/10/2017 13:12,6,-93,32.10621791,35.2088613,673.3228993,4,WIFI
1c:b9:c4:15:44:58,Ariel_University,[ESS][BLE],30/10/2017 13:13,11,-88,32.10619027,35.20872503,673.2918576,4,WIFI
f0:b0:52:3e:d6:f8,Ariel_University,[ESS][BLE],30/10/2017 13:13,1,-93,32.10619027,35.20872503,673.2918576,4,WIFI
02:02:29:1d:f2:b9,REL-WIFI,[WEP][IBSS],30/10/2017 13:13,11,-85,32.10614334,35.20852364,673.0946113,4,WIFI
00:1a:2f:7f:6b:70,,[WPA2-PSK-CCMP][ESS],30/10/2017 13:13,13,-91,32.10614334,35.20852364,673.0946113,4,WIFI
f0:b0:52:be:da:17,,[WPA2-PSK-CCMP][ESS][BLE],30/10/2017 13:13,52,-91,32.10614334,35.20852364,673.0946113,4,WIFI
f0:b0:52:3e:d0:38,Ariel_University,[ESS][BLE],30/10/2017 13:13,1,-83,32.10614334,35.20852364,673.0946113,4,WIFI
f0:b0:52:3e:da:1c,Ariel_University,[ESS][BLE],30/10/2017 13:13,52,-91,32.10614334,35.20852364,673.0946113,4,WIFI
f0:b0:52:3e:da:18,Ariel_University,[ESS][BLE],30/10/2017 13:13,11,-86,32.10614334,35.20852364,673.0946113,4,WIFI
f0:b0:52:3e:c8:08,Ariel_University,[ESS][BLE],30/10/2017 13:13,1,-92,32.10614334,35.20852364,673.0946113,4,WIFI
f0:b0:52:3e:d0:3c,Ariel_University,[ESS][BLE],30/10/2017 13:13,44,-91,32.1060956,35.208343,672.9226449,4,WIFI
f0:b0:52:3e:cc:78,Ariel_University,[ESS][BLE],30/10/2017 13:13,11,-87,32.1060956,35.208343,672.9226449,4,WIFI
00:27:22:f3:bb:2b,,[ESS],30/10/2017 13:13,6,-91,32.1060956,35.208343,672.9226449,4,WIFI
00:1a:2f:7f:6b:70,,[WPA2-PSK-CCMP][ESS],30/10/2017 13:13,13,-86,32.10604827,35.20820067,673.2881455,4,WIFI
f0:b0:52:3e:c7:88,Ariel_University,[ESS][BLE],30/10/2017 13:13,1,-92,32.10597264,35.20792813,673.7748632,4,WIFI
42503_6791_2099202,Pelephone,UNKNOWN;il,30/10/2017 13:13,0,-69,32.10597264,35.20792813,673.7748632,4,GSM
1c:b9:c4:16:05:3c,Ariel_University,[ESS][BLE],30/10/2017 13:13,44,-90,32.10595503,35.20779041,673.9325697,4,WIFI
1c:b9:c4:16:05:38,Ariel_University,[ESS][BLE],30/10/2017 13:13,1,-87,32.10595503,35.20779041,673.9325697,4,WIFI
1c:b9:c4:15:fd:48,Ariel_University,[ESS][BLE],30/10/2017 13:13,1,-90,32.10596546,35.20770985,673.5542604,4,WIFI
f0:3e:90:04:d7:58,Ariel_University,[ESS][BLE],30/10/2017 13:13,6,-91,32.10596546,35.20770985,673.5542604,4,WIFI
00:27:22:f3:e0:d0,,[ESS],30/10/2017 13:13,11,-92,32.10596546,35.20770985,673.5542604,4,WIFI
1c:b9:c4:96:05:37,,[WPA2-PSK-CCMP][ESS][BLE],30/10/2017 13:13,44,-90,32.10599858,35.20763606,673.4919581,4,WIFI
f0:b0:52:3e:d6:f8,Ariel_University,[ESS][BLE],30/10/2017 13:13,1,-92,32.10599858,35.20763606,673.4919581,4,WIFI
30:b5:c2:b8:40:36,,[WPA2-PSK-CCMP][ESS],30/10/2017 13:13,13,-90,32.10600363,35.20761697,673.4967823,4,WIFI
f0:b0:52:3e:d6:fc,Ariel_University,[ESS][BLE],30/10/2017 13:13,40,-89,32.10600363,35.20761697,673.4967823,4,WIFI
24:c9:a1:36:52:d8,Ariel_University,[ESS],30/10/2017 13:13,6,-85,32.10600363,35.20761697,673.4967823,4,WIFI
f0:3e:90:04:fc:f8,Ariel_University,[ESS][BLE],30/10/2017 13:13,1,-89,32.10600363,35.20761697,673.4967823,4,WIFI
f0:3e:90:05:ca:18,Ariel_University,[ESS][BLE],30/10/2017 13:13,6,-92,32.10600363,35.20761697,673.4967823,4,WIFI
c4:e9:84:6d:6d:28,TP-LINK_6D28,[WPA-PSK-CCMP][WPA2-PSK-CCMP][WPS][ESS],30/10/2017 13:13,6,-93,32.10600363,35.20761697,673.4665339,4,WIFI
1c:b9:c4:15:1c:bc,Ariel_University,[ESS][BLE],30/10/2017 13:14,58,-90,32.10601293,35.20759806,672.6532729,6,WIFI
00:18:25:01:72:40,Coolnet-Hotspot,[ESS],30/10/2017 13:14,4,-90,32.10601293,35.20759806,672.6532729,6,WIFI
00:18:25:12:75:20,Coolnet-Hotspot,[ESS],30/10/2017 13:14,8,-91,32.10601293,35.20759806,672.1236828,4,WIFI
f0:b0:52:3e:c8:0c,Ariel_University,[ESS][BLE],30/10/2017 13:14,44,-90,32.10601293,35.20759806,672.0272317,4,WIFI
3c:52:82:f7:15:00,DIRECT-FF-HP DeskJet 3830 series,[WPA2-PSK-CCMP][WPS][ESS],30/10/2017 13:14,6,-93,32.10602436,35.20754782,672.0055148,6,WIFI
1c:b9:c4:15:fd:4c,Ariel_University,[ESS][BLE],30/10/2017 13:14,36,-91,32.10602436,35.20754782,672.0055148,6,WIFI
f0:3e:90:04:d7:5c,Ariel_University,[ESS][BLE],30/10/2017 13:14,44,-92,32.10602436,35.20754782,672.0055148,6,WIFI
f0:b0:52:3e:c8:18,Ariel_University,[ESS][BLE],30/10/2017 13:14,11,-91,32.10602436,35.20754782,672.0055148,6,WIFI
1c:b9:c4:15:23:58,Ariel_University,[ESS][BLE],30/10/2017 13:14,11,-92,32.10602436,35.20754782,672.0055148,6,WIFI
68:92:34:4d:5e:23,island-0D5E20,[WPA2-PSK-CCMP][ESS],30/10/2017 13:14,13,-90,32.10602436,35.20754782,671.7246572,4,WIFI
24:c9:a1:36:4d:c8,Ariel_University,[ESS],30/10/2017 13:14,1,-91,32.10602436,35.20754782,671.7246572,4,WIFI
ec:8c:a2:26:d2:c8,Ariel_University,[ESS][BLE],30/10/2017 13:14,11,-92,32.10602436,35.20754782,671.2001153,4,WIFI
8c:0c:90:2e:0e:88,Ariel_University,[ESS],30/10/2017 13:14,1,-90,32.10595426,35.20755837,670.6583767,4,WIFI
f0:b0:52:3e:d4:58,Ariel_University,[ESS][BLE],30/10/2017 13:14,11,-91,32.10589392,35.2075848,670.2812385,4,WIFI
1c:b9:c4:15:44:58,Ariel_University,[ESS][BLE],30/10/2017 13:14,11,-92,32.10589392,35.2075848,670.2812385,4,WIFI
00:25:86:cc:07:b2,KCG_54,[ESS],30/10/2017 13:14,2,-92,32.10589392,35.2075848,670.2812385,4,WIFI
44:44:44:44:44:44,REL-WIFI,[WEP][IBSS],30/10/2017 13:14,11,-79,32.10582077,35.20762079,670.1906243,4,WIFI
1c:b9:c4:14:2b:a8,Ariel_University,[ESS][BLE],30/10/2017 13:14,6,-91,32.10582077,35.20762079,670.1906243,4,WIFI
f0:b0:52:3e:d4:58,Ariel_University,[ESS][BLE],30/10/2017 13:14,11,-83,32.10570221,35.20767024,669.9101377,4,WIFI
f0:b0:52:be:d0:37,,[WPA2-PSK-CCMP][ESS][BLE],30/10/2017 13:14,44,-90,32.10570221,35.20767024,669.9101377,4,WIFI
1c:b9:c4:95:fd:47,,[WPA2-PSK-CCMP][ESS][BLE],30/10/2017 13:14,36,-92,32.10570221,35.20767024,669.9101377,4,WIFI
f0:b0:52:3e:d6:f8,Ariel_University,[ESS][BLE],30/10/2017 13:14,1,-84,32.10570221,35.20767024,669.9101377,4,WIFI
ec:8c:a2:26:d2:c8,Ariel_University,[ESS][BLE],30/10/2017 13:15,11,-76,32.10558902,35.20771623,670.2082758,4,WIFI
00:25:86:cc:00:f8,AUC_54_R,[ESS],30/10/2017 13:15,5,-91,32.10558902,35.20771623,670.2082758,4,WIFI
1c:b9:c4:14:2b:a8,Ariel_University,[ESS][BLE],30/10/2017 13:15,6,-85,32.10558902,35.20771623,670.214522,4,WIFI
ec:8c:a2:09:da:68,Ariel_University,[ESS][BLE],30/10/2017 13:15,6,-91,32.10558902,35.20771623,670.214522,4,WIFI
ec:8c:a2:89:da:67,,[WPA2-PSK-CCMP][ESS][BLE],30/10/2017 13:15,36,-88,32.10558902,35.20771623,670.207044,4,WIFI
ec:8c:a2:09:da:6c,Ariel_University,[ESS][BLE],30/10/2017 13:15,36,-87,32.10558902,35.20771623,670.207044,4,WIFI
1c:b9:c4:14:2b:ac,Ariel_University,[ESS][BLE],30/10/2017 13:15,36,-91,32.10558902,35.20771623,670.207044,4,WIFI
00:27:22:f3:e1:a3,,[ESS],30/10/2017 13:15,1,-88,32.10558902,35.20771623,670.207044,4,WIFI
00:1a:dd:f5:cb:a4,,[ESS],30/10/2017 13:15,10,-92,32.10558902,35.20771623,670.207044,4,WIFI
00:1a:dd:f5:cb:a5,Afikim_Wifi,[ESS],30/10/2017 13:15,10,-91,32.10558902,35.20771623,670.2105916,6,WIFI
f0:b0:52:3e:c7:b8,Ariel_University,[ESS][BLE],30/10/2017 13:15,6,-92,32.10558902,35.20771623,670.2105916,6,WIFI
42503_6791_2105347,Pelephone,UNKNOWN;il,30/10/2017 13:15,0,-69,32.10558902,35.20771623,670.2105916,6,GSM
00:27:22:f3:e0:d0,,[ESS],30/10/2017 13:15,11,-87,32.10558902,35.20771623,670.2625456,6,WIFI
f0:b0:52:3e:c7:bc,Ariel_University,[ESS][BLE],30/10/2017 13:16,36,-92,32.10558902,35.20771623,669.4458569,4,WIFI
00:1a:dd:e3:4b:64,Wirless-Afikim,[ESS],30/10/2017 13:17,11,-93,32.10599594,35.20758305,668.4691459,6,WIFI
f0:b0:52:3e:d1:3c,Ariel_University,[ESS][BLE],30/10/2017 13:17,60,-92,32.10604355,35.20748548,669.3849534,6,WIFI
f0:b0:52:3e:c8:1c,Ariel_University,[ESS][BLE],30/10/2017 13:17,52,-91,32.10605406,35.20742424,669.2610339,6,WIFI
f0:b0:52:3e:d9:b8,Ariel_University,[ESS][BLE],30/10/2017 13:17,11,-92,32.10605406,35.20742424,669.2610339,6,WIFI
f0:b0:52:be:ca:d7,,[WPA2-PSK-CCMP][ESS][BLE],30/10/2017 13:17,36,-85,32.10603822,35.20739126,669.1769918,16,WIFI
f0:b0:52:be:c7:b7,,[WPA2-PSK-CCMP][ESS][BLE],30/10/2017 13:17,36,-87,32.10603822,35.20739126,669.1769918,16,WIFI
f0:b0:52:be:d1:37,,[WPA2-PSK-CCMP][ESS][BLE],30/10/2017 13:17,60,-89,32.10603822,35.20739126,669.1769918,16,WIFI
f0:b0:52:3e:d6:fc,Ariel_University,[ESS][BLE],30/10/2017 13:17,40,-84,32.10603822,35.20739126,669.1769918,16,WIFI
f0:b0:52:3e:ca:dc,Ariel_University,[ESS][BLE],30/10/2017 13:17,36,-85,32.10603822,35.20739126,669.1769918,16,WIFI
f0:b0:52:3e:c8:08,Ariel_University,[ESS][BLE],30/10/2017 13:17,1,-84,32.10603822,35.20739126,669.1769918,16,WIFI
f0:b0:52:3e:d3:7c,Ariel_University,[ESS][BLE],30/10/2017 13:17,36,-89,32.10603822,35.20739126,669.1769918,16,WIFI
f0:b0:52:3e:c8:1c,Ariel_University,[ESS][BLE],30/10/2017 13:18,52,-86,32.10601215,35.20733041,669.1684655,6,WIFI
f0:b0:52:3e:c7:bc,Ariel_University,[ESS][BLE],30/10/2017 13:18,36,-83,32.10601215,35.20733041,669.1684655,6,WIFI
f0:b0:52:be:d6:f7,,[WPA2-PSK-CCMP][ESS][BLE],30/10/2017 13:18,40,-82,32.10601215,35.20733041,669.1684655,6,WIFI
f0:b0:52:be:c8:17,,[WPA2-PSK-CCMP][ESS][BLE],30/10/2017 13:18,52,-86,32.10601215,35.20733041,669.1684655,6,WIFI
00:23:69:f4:8f:44,Rosenfeld,[WPA2-PSK-CCMP][ESS],30/10/2017 13:18,11,-91,32.10601215,35.20733041,669.1684655,6,WIFI
f0:b0:52:3e:c7:b8,Ariel_University,[ESS][BLE],30/10/2017 13:18,6,-87,32.10601215,35.20733041,669.1684655,6,WIFI
f0:b0:52:3e:c8:dc,Ariel_University,[ESS][BLE],30/10/2017 13:18,48,-92,32.10601215,35.20733041,669.1684655,6,WIFI
f0:3e:90:04:f7:b8,Ariel_University,[ESS][BLE],30/10/2017 13:18,6,-91,32.10601215,35.20733041,669.1684655,6,WIFI
f0:3e:90:04:dc:a8,Ariel_University,[ESS][BLE],30/10/2017 13:18,11,-92,32.10601215,35.20733041,669.1684655,6,WIFI
9c:2a:83:a3:71:af,AndroidAP,[ESS][SEC80][SECD00],30/10/2017 13:18,6,-92,32.10601215,35.20733041,669.1684655,6,WIFI
f0:b0:52:3e:da:18,Ariel_University,[ESS][BLE],30/10/2017 13:18,11,-93,32.10601215,35.20733041,669.1684655,6,WIFI
f0:b0:52:be:c8:07,,[WPA2-PSK-CCMP][ESS][BLE],30/10/2017 13:18,44,-88,32.10596246,35.20729605,669.2799551,8,WIFI
f0:b0:52:be:d3:77,,[WPA2-PSK-CCMP][ESS][BLE],30/10/2017 13:18,36,-88,32.10596246,35.20729605,669.2799551,8,WIFI
f0:b0:52:3e:ca:d8,Ariel_University,[ESS][BLE],30/10/2017 13:18,6,-86,32.10596246,35.20729605,669.2799551,8,WIFI
f0:b0:52:3e:ca:3c,Ariel_University,[ESS][BLE],30/10/2017 13:18,36,-92,32.10596246,35.20729605,669.2799551,8,WIFI
f0:b0:52:3e:d3:78,Ariel_University,[ESS][BLE],30/10/2017 13:18,6,-90,32.10596246,35.20729605,669.2799551,8,WIFI
f0:b0:52:3e:c8:0c,Ariel_University,[ESS][BLE],30/10/2017 13:18,44,-83,32.10590263,35.20725731,668.7961055,8,WIFI
f0:b0:52:3e:d6:fc,Ariel_University,[ESS][BLE],30/10/2017 13:18,40,-79,32.10590263,35.20725731,668.7961055,8,WIFI
f0:b0:52:3e:ca:3c,Ariel_University,[ESS][BLE],30/10/2017 13:18,36,-85,32.10590263,35.20725731,668.7961055,8,WIFI
f0:b0:52:be:ca:37,,[WPA2-PSK-CCMP][ESS][BLE],30/10/2017 13:18,36,-85,32.10590263,35.20725731,668.7961055,8,WIFI
f0:b0:52:3e:d9:bc,Ariel_University,[ESS][BLE],30/10/2017 13:18,40,-87,32.10590263,35.20725731,668.7961055,8,WIFI
f0:b0:52:3e:d0:3c,Ariel_University,[ESS][BLE],30/10/2017 13:18,44,-91,32.10590263,35.20725731,668.7961055,8,WIFI
f0:b0:52:3e:ca:3c,Ariel_University,[ESS][BLE],30/10/2017 13:18,36,-79,32.10585338,35.20716671,668.513431,8,WIFI
c4:e9:84:6d:0f:6a,TP-LINK_0F6A,[WPA2-PSK-CCMP][WPS][ESS],30/10/2017 13:18,5,-92,32.10585338,35.20716671,668.513431,8,WIFI
f0:b0:52:3e:ca:38,Ariel_University,[ESS][BLE],30/10/2017 13:18,1,-92,32.10585338,35.20716671,668.513431,8,WIFI
8c:0c:90:2d:7a:58,Ariel_University,[ESS],30/10/2017 13:18,11,-88,32.1057693,35.20714738,668.1135399,8,WIFI
f0:b0:52:3e:c8:ec,Ariel_University,[ESS][BLE],30/10/2017 13:18,44,-92,32.1057693,35.20714738,668.1135399,8,WIFI
f0:b0:52:3e:c8:18,Ariel_University,[ESS][BLE],30/10/2017 13:18,11,-86,32.1057313,35.20715876,667.4824935,16,WIFI
f0:b0:52:3e:c7:b8,Ariel_University,[ESS][BLE],30/10/2017 13:18,6,-79,32.1057313,35.20715876,667.4824935,16,WIFI
f0:b0:52:3e:d1:3c,Ariel_University,[ESS][BLE],30/10/2017 13:18,60,-86,32.1057313,35.20715876,667.4824935,16,WIFI
f0:b0:52:3e:d4:5c,Ariel_University,[ESS][BLE],30/10/2017 13:18,36,-92,32.1057313,35.20715876,667.4824935,16,WIFI
f0:b0:52:3e:d8:e8,Ariel_University,[ESS][BLE],30/10/2017 13:18,6,-91,32.1057313,35.20715876,667.4824935,16,WIFI
f0:b0:52:3e:ca:38,Ariel_University,[ESS][BLE],30/10/2017 13:18,1,-85,32.10566141,35.20715513,666.5781593,16,WIFI
f0:b0:52:3e:d8:ec,Ariel_University,[ESS][BLE],30/10/2017 13:18,36,-90,32.10566141,35.20715513,666.5781593,16,WIFI
f0:b0:52:3e:d6:fc,Ariel_University,[ESS][BLE],30/10/2017 13:18,40,-69,32.10557676,35.20720446,665.6165759,12,WIFI
f0:b0:52:be:d6:f7,,[WPA2-PSK-CCMP][ESS][BLE],30/10/2017 13:18,40,-68,32.10557676,35.20720446,665.6165759,12,WIFI
f0:b0:52:3e:d0:38,Ariel_University,[ESS][BLE],30/10/2017 13:18,1,-88,32.10557676,35.20720446,665.6165759,12,WIFI
f0:b0:52:3e:c8:d8,Ariel_University,[ESS][BLE],30/10/2017 13:18,1,-90,32.10557676,35.20720446,665.6165759,12,WIFI
f0:b0:52:3e:c7:bc,Ariel_University,[ESS][BLE],30/10/2017 13:19,36,-75,32.10556301,35.2071117,665.0601696,16,WIFI
f0:b0:52:3e:d6:f8,Ariel_University,[ESS][BLE],30/10/2017 13:19,1,-77,32.10556301,35.2071117,665.0601696,16,WIFI
f0:b0:52:be:c7:b7,,[WPA2-PSK-CCMP][ESS][BLE],30/10/2017 13:19,36,-75,32.10556301,35.2071117,665.0601696,16,WIFI
f0:b0:52:be:d9:b7,,[WPA2-PSK-CCMP][ESS][BLE],30/10/2017 13:19,40,-86,32.10556301,35.2071117,665.0601696,16,WIFI
f0:b0:52:3e:d0:0c,Ariel_University,[ESS][BLE],30/10/2017 13:19,44,-91,32.10556301,35.2071117,665.0601696,16,WIFI
f0:b0:52:3e:cc:78,Ariel_University,[ESS][BLE],30/10/2017 13:19,11,-89,32.10556301,35.2071117,665.0601696,16,WIFI
f0:b0:52:3e:d3:78,Ariel_University,[ESS][BLE],30/10/2017 13:19,6,-78,32.10546187,35.20706905,664.72598,12,WIFI
f0:b0:52:3e:ca:dc,Ariel_University,[ESS][BLE],30/10/2017 13:19,36,-78,32.10546187,35.20706905,664.72598,12,WIFI
f0:b0:52:3e:c8:18,Ariel_University,[ESS][BLE],30/10/2017 13:19,11,-81,32.10546187,35.20706905,664.72598,12,WIFI
f0:b0:52:3e:c8:d8,Ariel_University,[ESS][BLE],30/10/2017 13:19,1,-83,32.10546187,35.20706905,664.72598,12,WIFI
f0:b0:52:3e:c8:dc,Ariel_University,[ESS][BLE],30/10/2017 13:19,48,-80,32.10546187,35.20706905,664.72598,12,WIFI
f0:b0:52:3e:d9:b8,Ariel_University,[ESS][BLE],30/10/2017 13:19,11,-86,32.10546187,35.20706905,664.72598,12,WIFI
f0:b0:52:be:ca:d7,,[WPA2-PSK-CCMP][ESS][BLE],30/10/2017 13:19,36,-78,32.10546187,35.20706905,664.72598,12,WIFI
f0:b0:52:be:c8:d7,,[WPA2-PSK-CCMP][ESS][BLE],30/10/2017 13:19,48,-80,32.10546187,35.20706905,664.72598,12,WIFI
1c:b9:c4:94:38:27,,[WPA2-PSK-CCMP][ESS][BLE],30/10/2017 13:19,58,-89,32.10546187,35.20706905,664.72598,12,WIFI
1c:b9:c4:16:05:dc,Smart-Class,[WPA-PSK-CCMP+TKIP][WPA2-PSK-CCMP+TKIP][ESS][BLE],30/10/2017 13:19,56,-92,32.10546187,35.20706905,664.72598,12,WIFI
ec:8c:a2:26:d2:c8,Ariel_University,[ESS][BLE],30/10/2017 13:19,11,-71,32.10546187,35.20706905,664.72598,12,WIFI
1c:b9:c4:14:38:2c,Ariel_University,[ESS][BLE],30/10/2017 13:19,58,-88,32.10546187,35.20706905,664.72598,12,WIFI
f0:b0:52:3e:da:1c,Ariel_University,[ESS][BLE],30/10/2017 13:19,52,-91,32.10546187,35.20706905,664.72598,12,WIFI
f0:b0:52:3e:d1:38,Ariel_University,[ESS][BLE],30/10/2017 13:19,11,-89,32.10546187,35.20706905,664.72598,12,WIFI
f0:b0:52:3e:c8:2c,Ariel_University,[ESS][BLE],30/10/2017 13:19,44,-92,32.10546187,35.20706905,664.72598,12,WIFI
f0:b0:52:3e:c7:b8,Ariel_University,[ESS][BLE],30/10/2017 13:19,6,-71,32.10539173,35.20706311,664.328075,12,WIFI
f0:b0:52:3e:d3:7c,Ariel_University,[ESS][BLE],30/10/2017 13:19,36,-83,32.10539173,35.20706311,664.328075,12,WIFI
1c:b9:c4:94:38:27,,[WPA2-PSK-CCMP][ESS][BLE],30/10/2017 13:19,58,-81,32.10539173,35.20706311,664.328075,12,WIFI
1c:b9:c4:14:38:2c,Ariel_University,[ESS][BLE],30/10/2017 13:19,58,-82,32.10539173,35.20706311,664.328075,12,WIFI
f0:b0:52:3e:ca:38,Ariel_University,[ESS][BLE],30/10/2017 13:19,1,-75,32.10539173,35.20706311,664.328075,12,WIFI
f0:b0:52:be:d1:37,,[WPA2-PSK-CCMP][ESS][BLE],30/10/2017 13:19,60,-83,32.10539173,35.20706311,664.328075,12,WIFI
f0:b0:52:be:da:17,,[WPA2-PSK-CCMP][ESS][BLE],30/10/2017 13:19,52,-90,32.10539173,35.20706311,664.328075,12,WIFI
f0:b0:52:3e:c8:ec,Ariel_University,[ESS][BLE],30/10/2017 13:19,44,-87,32.10539173,35.20706311,664.328075,12,WIFI
f0:b0:52:3e:cc:7c,Ariel_University,[ESS][BLE],30/10/2017 13:19,52,-89,32.10539173,35.20706311,664.328075,12,WIFI
0a:27:22:f3:e0:d0,ACAD,[WPA-PSK-CCMP+TKIP][WPA2-PSK-CCMP+TKIP][ESS],30/10/2017 13:19,11,-85,32.10536057,35.20705002,663.9406192,6,WIFI
f0:b0:52:3e:c8:2c,Ariel_University,[ESS][BLE],30/10/2017 13:19,44,-78,32.10536057,35.20705002,663.9406192,6,WIFI
f0:b0:52:3e:d8:e8,Ariel_University,[ESS][BLE],30/10/2017 13:19,6,-81,32.10536057,35.20705002,663.9406192,6,WIFI
f0:b0:52:3e:ca:d8,Ariel_University,[ESS][BLE],30/10/2017 13:19,6,-81,32.10536057,35.20705002,663.9406192,6,WIFI
f0:b0:52:3e:cc:1c,Ariel_University,[ESS][BLE],30/10/2017 13:19,36,-87,32.10536057,35.20705002,663.9406192,6,WIFI
f0:b0:52:3e:c8:1c,Ariel_University,[ESS][BLE],30/10/2017 13:19,52,-81,32.10529943,35.20708092,663.6533787,8,WIFI
f0:b0:52:3e:d6:f8,Ariel_University,[ESS][BLE],30/10/2017 13:19,1,-70,32.10529943,35.20708092,663.6533787,8,WIFI
f0:b0:52:3e:d1:3c,Ariel_University,[ESS][BLE],30/10/2017 13:19,60,-76,32.10529943,35.20708092,663.6533787,8,WIFI
f0:b0:52:3e:d4:58,Ariel_University,[ESS][BLE],30/10/2017 13:19,11,-77,32.10529943,35.20708092,663.6533787,8,WIFI
f0:b0:52:3e:ca:d8,Ariel_University,[ESS][BLE],30/10/2017 13:19,6,-74,32.10529943,35.20708092,663.6533787,8,WIFI
f0:b0:52:3e:c7:88,Ariel_University,[ESS][BLE],30/10/2017 13:19,1,-85,32.10529943,35.20708092,663.6533787,8,WIFI
f0:b0:52:be:d1:37,,[WPA2-PSK-CCMP][ESS][BLE],30/10/2017 13:19,60,-76,32.10529943,35.20708092,663.6533787,8,WIFI
f0:b0:52:be:c8:17,,[WPA2-PSK-CCMP][ESS][BLE],30/10/2017 13:19,52,-80,32.10529943,35.20708092,663.6533787,8,WIFI
f0:b0:52:be:d4:57,,[WPA2-PSK-CCMP][ESS][BLE],30/10/2017 13:19,36,-84,32.10529943,35.20708092,663.6533787,8,WIFI
f0:b0:52:be:cc:17,,[WPA2-PSK-CCMP][ESS][BLE],30/10/2017 13:19,36,-90,32.10529943,35.20708092,663.6533787,8,WIFI
f0:b0:52:3e:d1:38,Ariel_University,[ESS][BLE],30/10/2017 13:19,11,-74,32.10529943,35.20708092,663.6533787,8,WIFI
f0:b0:52:3e:d4:5c,Ariel_University,[ESS][BLE],30/10/2017 13:19,36,-84,32.10529943,35.20708092,663.6533787,8,WIFI
f0:b0:52:3e:d0:38,Ariel_University,[ESS][BLE],30/10/2017 13:19,1,-80,32.10529943,35.20708092,663.6533787,8,WIFI
ec:8c:a2:26:d2:98,Ariel_University,[ESS][BLE],30/10/2017 13:19,1,-90,32.10529943,35.20708092,663.6533787,8,WIFI
f0:b0:52:3e:d0:3c,Ariel_University,[ESS][BLE],30/10/2017 13:19,44,-80,32.10526532,35.20718269,664.1857644,8,WIFI
1c:b9:c4:16:05:78,Ariel_University,[ESS][BLE],30/10/2017 13:19,6,-92,32.10526532,35.20718269,664.1857644,8,WIFI
f0:b0:52:3e:d0:38,Ariel_University,[ESS][BLE],30/10/2017 13:19,1,-74,32.10523637,35.20722962,664.4878707,16,WIFI
f0:b0:52:be:c8:07,,[WPA2-PSK-CCMP][ESS][BLE],30/10/2017 13:19,44,-82,32.10523637,35.20722962,664.4878707,16,WIFI
f0:b0:52:3e:d0:3c,Ariel_University,[ESS][BLE],30/10/2017 13:19,44,-71,32.10522169,35.20721925,664.7516579,8,WIFI
f0:b0:52:3e:c8:d8,Ariel_University,[ESS][BLE],30/10/2017 13:19,1,-78,32.10522169,35.20721925,664.7516579,8,WIFI
f0:b0:52:be:d0:37,,[WPA2-PSK-CCMP][ESS][BLE],30/10/2017 13:19,44,-71,32.10522169,35.20721925,664.7516579,8,WIFI
f0:b0:52:3e:61:cc,Ariel_University,[ESS][BLE],30/10/2017 13:19,48,-91,32.10522169,35.20721925,664.7516579,8,WIFI
f0:b0:52:3e:d4:5c,Ariel_University,[ESS][BLE],30/10/2017 13:19,36,-79,32.10521492,35.20721641,664.7784471,16,WIFI
f0:b0:52:3e:d0:38,Ariel_University,[ESS][BLE],30/10/2017 13:19,1,-68,32.10521492,35.20721641,664.7784471,16,WIFI
f0:b0:52:3e:da:1c,Ariel_University,[ESS][BLE],30/10/2017 13:19,52,-83,32.10521062,35.20722792,664.7111948,16,WIFI
f0:b0:52:3e:d4:58,Ariel_University,[ESS][BLE],30/10/2017 13:19,11,-71,32.10521062,35.20722792,664.7111948,16,WIFI
f0:b0:52:3e:da:18,Ariel_University,[ESS][BLE],30/10/2017 13:20,11,-78,32.10519891,35.20723566,664.418098,16,WIFI
f0:b0:52:3e:d1:e8,Ariel_University,[ESS][BLE],30/10/2017 13:20,11,-86,32.10519891,35.20723566,664.418098,16,WIFI
f0:b0:52:3e:d1:ec,Ariel_University,[ESS][BLE],30/10/2017 13:20,36,-91,32.10519267,35.20723984,663.9745015,24,WIFI
ec:8c:a2:26:d2:c8,Ariel_University,[ESS][BLE],30/10/2017 13:20,11,-62,32.10518748,35.20722334,663.6221133,8,WIFI
f0:b0:52:be:da:17,,[WPA2-PSK-CCMP][ESS][BLE],30/10/2017 13:20,52,-82,32.10521326,35.20721513,665.2724257,8,WIFI
f0:b0:52:3e:61:c8,Ariel_University,[ESS][BLE],30/10/2017 13:20,11,-87,32.10521326,35.20721513,665.2724257,8,WIFI
f0:b0:52:3e:cc:18,Ariel_University,[ESS][BLE],30/10/2017 13:20,1,-89,32.10521326,35.20721513,665.2724257,8,WIFI
f0:b0:52:3e:d8:98,Ariel_University,[ESS][BLE],30/10/2017 13:20,11,-89,32.10521326,35.20721513,665.2724257,8,WIFI
f0:b0:52:3e:d0:38,Ariel_University,[ESS][BLE],30/10/2017 13:20,1,-60,32.10521678,35.20721926,665.2901638,16,WIFI
f0:b0:52:3e:c8:d8,Ariel_University,[ESS][BLE],30/10/2017 13:20,1,-70,32.10521678,35.20721926,665.2901638,16,WIFI
f0:b0:52:3e:d0:3c,Ariel_University,[ESS][BLE],30/10/2017 13:20,44,-65,32.10521678,35.20721926,665.2901638,16,WIFI
f0:b0:52:3e:da:18,Ariel_University,[ESS][BLE],30/10/2017 13:20,11,-73,32.10521678,35.20721926,665.2901638,16,WIFI
1c:b9:c4:16:05:d8,Smart-Class 2.4,[WPA-PSK-CCMP+TKIP][WPA2-PSK-CCMP+TKIP][ESS][BLE],30/10/2017 13:20,5,-92,32.10521678,35.20721926,665.2901638,16,WIFI
f0:b0:52:3e:d6:f8,Ariel_University,[ESS][BLE],30/10/2017 13:20,1,-64,32.10521752,35.2072132,664.7138359,8,WIFI
f0:b0:52:be:d4:57,,[WPA2-PSK-CCMP][ESS][BLE],30/10/2017 13:20,36,-79,32.10521752,35.2072132,664.7138359,8,WIFI
f0:b0:52:3e:d6:f8,Ariel_University,[ESS][BLE],30/10/2017 13:20,1,-56,32.10521905,35.20721514,664.4208621,8,WIFI
f0:b0:52:3e:d1:e8,Ariel_University,[ESS][BLE],30/10/2017 13:20,11,-81,32.10521905,35.20721514,664.4208621,8,WIFI
f0:b0:52:3e:cc:78,Ariel_University,[ESS][BLE],30/10/2017 13:20,11,-78,32.10521905,35.20721514,664.4208621,8,WIFI
f0:b0:52:be:c7:b7,,[WPA2-PSK-CCMP][ESS][BLE],30/10/2017 13:20,36,-69,32.10521905,35.20721514,664.4208621,8,WIFI
f0:b0:52:3e:c8:18,Ariel_University,[ESS][BLE],30/10/2017 13:20,11,-74,32.10521905,35.20721514,664.4208621,8,WIFI
f0:b0:52:be:cc:77,,[WPA2-PSK-CCMP][ESS][BLE],30/10/2017 13:20,52,-88,32.10521905,35.20721514,664.4208621,8,WIFI
f0:b0:52:3e:d0:08,Ariel_University,[ESS][BLE],30/10/2017 13:20,6,-88,32.10521905,35.20721514,664.4208621,8,WIFI
f0:b0:52:3e:d6:fc,Ariel_University,[ESS][BLE],30/10/2017 13:20,40,-61,32.10521531,35.20719596,664.4802367,8,WIFI
f0:b0:52:3e:c8:1c,Ariel_University,[ESS][BLE],30/10/2017 13:20,52,-76,32.10521531,35.20719596,664.4802367,8,WIFI
f0:b0:52:3e:c7:b8,Ariel_University,[ESS][BLE],30/10/2017 13:20,6,-65,32.10521531,35.20719596,664.4802367,8,WIFI
f0:b0:52:3e:c7:bc,Ariel_University,[ESS][BLE],30/10/2017 13:20,36,-68,32.10521531,35.20719596,664.4802367,8,WIFI
f0:b0:52:3e:d0:3c,Ariel_University,[ESS][BLE],30/10/2017 13:20,44,-59,32.10521531,35.20719596,664.4802367,8,WIFI
f0:b0:52:be:c7:87,,[WPA2-PSK-CCMP][ESS][BLE],30/10/2017 13:20,44,-92,32.10521531,35.20719596,664.4802367,8,WIFI
f0:b0:52:3e:d1:ec,Ariel_University,[ESS][BLE],30/10/2017 13:20,36,-84,32.10521531,35.20719596,664.4802367,8,WIFI
f0:b0:52:3e:c7:8c,Ariel_University,[ESS][BLE],30/10/2017 13:20,44,-92,32.10521531,35.20719596,664.4802367,8,WIFI
f0:b0:52:3e:c8:58,Ariel_University,[ESS][BLE],30/10/2017 13:20,1,-88,32.10521531,35.20719596,664.4802367,8,WIFI
f0:b0:52:3e:c7:b8,Ariel_University,[ESS][BLE],30/10/2017 13:20,6,-59,32.10518815,35.20708786,664.3234846,6,WIFI
f0:b0:52:3e:c8:dc,Ariel_University,[ESS][BLE],30/10/2017 13:20,48,-74,32.10518815,35.20708786,664.3234846,6,WIFI
f0:b0:52:3e:61:cc,Ariel_University,[ESS][BLE],30/10/2017 13:20,48,-83,32.10518815,35.20708786,664.3234846,6,WIFI
c4:e9:84:6d:0f:6a,TP-LINK_0F6A,[WPA2-PSK-CCMP][WPS][ESS],30/10/2017 13:20,5,-87,32.10518815,35.20708786,664.3234846,6,WIFI
f0:3e:90:04:df:c8,Ariel_University,[ESS][BLE],30/10/2017 13:20,6,-93,32.10518815,35.20708786,664.3234846,6,WIFI
f0:b0:52:3e:c8:1c,Ariel_University,[ESS][BLE],30/10/2017 13:21,52,-66,32.10518727,35.20701764,664.5682117,8,WIFI
f0:b0:52:3e:c8:dc,Ariel_University,[ESS][BLE],30/10/2017 13:21,48,-67,32.10518727,35.20701764,664.5682117,8,WIFI
f0:b0:52:3e:c8:d8,Ariel_University,[ESS][BLE],30/10/2017 13:21,1,-63,32.10518727,35.20701764,664.5682117,8,WIFI
f0:b0:52:3e:ca:d8,Ariel_University,[ESS][BLE],30/10/2017 13:21,6,-68,32.10518727,35.20701764,664.5682117,8,WIFI
f0:b0:52:3e:ca:dc,Ariel_University,[ESS][BLE],30/10/2017 13:21,36,-69,32.10518727,35.20701764,664.5682117,8,WIFI
f0:b0:52:3e:c7:8c,Ariel_University,[ESS][BLE],30/10/2017 13:21,44,-86,32.10518727,35.20701764,664.5682117,8,WIFI
f0:b0:52:be:c8:d7,,[WPA2-PSK-CCMP][ESS][BLE],30/10/2017 13:21,48,-69,32.10518727,35.20701764,664.5682117,8,WIFI
f0:b0:52:be:ca:d7,,[WPA2-PSK-CCMP][ESS][BLE],30/10/2017 13:21,36,-69,32.10518727,35.20701764,664.5682117,8,WIFI
f0:b0:52:be:cc:77,,[WPA2-PSK-CCMP][ESS][BLE],30/10/2017 13:21,52,-83,32.10518727,35.20701764,664.5682117,8,WIFI
f0:b0:52:be:c8:e7,,[WPA2-PSK-CCMP][ESS][BLE],30/10/2017 13:21,44,-88,32.10518727,35.20701764,664.5682117,8,WIFI
f0:b0:52:3e:cc:7c,Ariel_University,[ESS][BLE],30/10/2017 13:21,52,-82,32.10518727,35.20701764,664.5682117,8,WIFI
f0:b0:52:3e:cc:1c,Ariel_University,[ESS][BLE],30/10/2017 13:21,36,-82,32.10518727,35.20701764,664.5682117,8,WIFI
f0:b0:52:3e:c8:18,Ariel_University,[ESS][BLE],30/10/2017 13:21,11,-68,32.10517725,35.20692708,665.4996877,8,WIFI
f0:b0:52:3e:ca:38,Ariel_University,[ESS][BLE],30/10/2017 13:21,1,-68,32.10517725,35.20692708,665.4996877,8,WIFI
f0:b0:52:be:c7:87,,[WPA2-PSK-CCMP][ESS][BLE],30/10/2017 13:21,44,-87,32.10517725,35.20692708,665.4996877,8,WIFI
f0:b0:52:be:cc:17,,[WPA2-PSK-CCMP][ESS][BLE],30/10/2017 13:21,36,-84,32.10517725,35.20692708,665.4996877,8,WIFI
f0:b0:52:be:d1:e7,,[WPA2-PSK-CCMP][ESS][BLE],30/10/2017 13:21,36,-89,32.10517725,35.20692708,665.4996877,8,WIFI
1c:b9:c4:96:1d:77,,[WPA2-PSK-CCMP][ESS][BLE],30/10/2017 13:21,52,-92,32.10517725,35.20692708,665.4996877,8,WIFI
00:1a:2f:7f:6b:70,,[WPA2-PSK-CCMP][ESS],30/10/2017 13:21,13,-87,32.10517725,35.20692708,665.4996877,8,WIFI
f0:b0:52:3e:c8:e8,Ariel_University,[ESS][BLE],30/10/2017 13:21,6,-83,32.10517725,35.20692708,665.4996877,8,WIFI
f0:b0:52:3e:c8:dc,Ariel_University,[ESS][BLE],30/10/2017 13:21,48,-53,32.10518069,35.20691714,666.1727665,12,WIFI
ec:8c:a2:26:d2:c8,Ariel_University,[ESS][BLE],30/10/2017 13:21,11,-57,32.10518069,35.20691714,666.1727665,12,WIFI
f0:b0:52:3e:cc:1c,Ariel_University,[ESS][BLE],30/10/2017 13:21,36,-77,32.10518069,35.20691714,666.1727665,12,WIFI
f0:b0:52:3e:61:c8,Ariel_University,[ESS][BLE],30/10/2017 13:21,11,-82,32.10518069,35.20691714,666.1727665,12,WIFI
f0:b0:52:3e:cc:18,Ariel_University,[ESS][BLE],30/10/2017 13:21,1,-76,32.10518069,35.20691714,666.1727665,12,WIFI
1c:b9:c4:16:05:3c,Ariel_University,[ESS][BLE],30/10/2017 13:21,44,-82,32.10518069,35.20691714,666.1727665,12,WIFI
1c:b9:c4:16:05:78,Ariel_University,[ESS][BLE],30/10/2017 13:21,6,-87,32.10518069,35.20691714,666.1727665,12,WIFI
f0:b0:52:3e:d1:3c,Ariel_University,[ESS][BLE],30/10/2017 13:21,60,-71,32.10520927,35.20694415,667.0603304,16,WIFI
f0:b0:52:3e:ca:3c,Ariel_University,[ESS][BLE],30/10/2017 13:21,36,-60,32.10520927,35.20694415,667.0603304,16,WIFI
f0:b0:52:3e:c8:ec,Ariel_University,[ESS][BLE],30/10/2017 13:21,44,-74,32.10520927,35.20694415,667.0603304,16,WIFI
f0:b0:52:be:c8:d7,,[WPA2-PSK-CCMP][ESS][BLE],30/10/2017 13:21,48,-50,32.10520927,35.20694415,667.0603304,16,WIFI
f0:b0:52:be:ca:37,,[WPA2-PSK-CCMP][ESS][BLE],30/10/2017 13:21,36,-61,32.10520927,35.20694415,667.0603304,16,WIFI
f0:b0:52:be:c8:e7,,[WPA2-PSK-CCMP][ESS][BLE],30/10/2017 13:21,44,-77,32.10520927,35.20694415,667.0603304,16,WIFI
f0:3e:90:04:f6:58,Ariel_University,[ESS][BLE],30/10/2017 13:21,6,-91,32.10520927,35.20694415,667.0603304,16,WIFI
f0:b0:52:3e:c8:dc,Ariel_University,[ESS][BLE],30/10/2017 13:21,48,-41,32.10522929,35.20698482,667.2319108,48,WIFI
f0:b0:52:3e:c8:d8,Ariel_University,[ESS][BLE],30/10/2017 13:21,1,-50,32.10522929,35.20698482,667.2319108,48,WIFI
f0:b0:52:3e:ca:d8,Ariel_University,[ESS][BLE],30/10/2017 13:21,6,-63,32.10522929,35.20698482,667.2319108,48,WIFI
f0:b0:52:3e:ca:38,Ariel_University,[ESS][BLE],30/10/2017 13:21,1,-63,32.10522929,35.20698482,667.2319108,48,WIFI
f0:b0:52:3e:cc:1c,Ariel_University,[ESS][BLE],30/10/2017 13:21,36,-69,32.10522929,35.20698482,667.2319108,48,WIFI
f0:b0:52:3e:cc:18,Ariel_University,[ESS][BLE],30/10/2017 13:21,1,-71,32.10522929,35.20698482,667.2319108,48,WIFI
f0:b0:52:be:cc:17,,[WPA2-PSK-CCMP][ESS][BLE],30/10/2017 13:21,36,-61,32.10522929,35.20698482,667.2319108,48,WIFI
f0:b0:52:be:d1:37,,[WPA2-PSK-CCMP][ESS][BLE],30/10/2017 13:21,60,-70,32.10522929,35.20698482,667.2319108,48,WIFI
f0:b0:52:3e:c7:ac,Ariel_University,[ESS][BLE],30/10/2017 13:21,44,-85,32.10522929,35.20698482,667.2319108,48,WIFI
f0:b0:52:3e:d1:3c,Ariel_University,[ESS][BLE],30/10/2017 13:21,60,-56,32.10524499,35.20701007,667.2302539,24,WIFI
f0:b0:52:3e:cc:1c,Ariel_University,[ESS][BLE],30/10/2017 13:21,36,-49,32.10524499,35.20701007,667.2302539,24,WIFI
f0:b0:52:3e:cc:18,Ariel_University,[ESS][BLE],30/10/2017 13:21,1,-48,32.10524499,35.20701007,667.2302539,24,WIFI
f0:b0:52:be:cc:17,,[WPA2-PSK-CCMP][ESS][BLE],30/10/2017 13:21,36,-52,32.10524499,35.20701007,667.2302539,24,WIFI
f0:b0:52:be:d1:e7,,[WPA2-PSK-CCMP][ESS][BLE],30/10/2017 13:21,36,-74,32.10524499,35.20701007,667.2302539,24,WIFI
d8:38:0d:05:1a:f1,,[WPA2-PSK-CCMP][ESS],30/10/2017 13:21,4,-92,32.10524499,35.20701007,667.2302539,24,WIFI
f0:b0:52:3e:d0:9c,Ariel_University,[ESS][BLE],30/10/2017 13:21,58,-88,32.10524499,35.20701007,667.2302539,24,WIFI
f0:b0:52:3e:ca:dc,Ariel_University,[ESS][BLE],30/10/2017 13:21,36,-62,32.10524499,35.20701007,667.2302539,24,WIFI
f0:b0:52:be:ca:d7,,[WPA2-PSK-CCMP][ESS][BLE],30/10/2017 13:21,36,-60,32.10524499,35.20701007,667.2302539,24,WIFI
f0:b0:52:3e:c7:ac,Ariel_University,[ESS][BLE],30/10/2017 13:21,44,-79,32.10524499,35.20701007,667.2302539,24,WIFI
f0:b0:52:be:d0:97,,[WPA2-PSK-CCMP][ESS][BLE],30/10/2017 13:21,58,-89,32.10524499,35.20701007,667.2302539,24,WIFI
f0:b0:52:3e:d9:bc,Ariel_University,[ESS][BLE],30/10/2017 13:21,40,-74,32.10524499,35.20701007,667.2302539,24,WIFI
f0:b0:52:3e:c8:5c,Ariel_University,[ESS][BLE],30/10/2017 13:21,36,-81,32.10524499,35.20701007,667.2302539,24,WIFI
ec:8c:a2:08:ae:38,Ariel_University,[ESS][BLE],30/10/2017 13:21,1,-79,32.10524499,35.20701007,667.2302539,24,WIFI
f0:b0:52:3e:c7:a8,Ariel_University,[ESS][BLE],30/10/2017 13:21,1,-83,32.10524499,35.20701007,667.2302539,24,WIFI
f0:b0:52:3e:d0:98,Ariel_University,[ESS][BLE],30/10/2017 13:21,11,-84,32.10524499,35.20701007,667.2302539,24,WIFI
f0:b0:52:3e:d1:3c,Ariel_University,[ESS][BLE],30/10/2017 13:21,60,-51,32.10525994,35.20699588,666.2916509,200,WIFI
f0:b0:52:3e:d1:38,Ariel_University,[ESS][BLE],30/10/2017 13:21,11,-56,32.10525994,35.20699588,666.2916509,200,WIFI
f0:b0:52:3e:c8:e8,Ariel_University,[ESS][BLE],30/10/2017 13:21,6,-77,32.10525994,35.20699588,666.2916509,200,WIFI
f0:b0:52:3e:c8:58,Ariel_University,[ESS][BLE],30/10/2017 13:21,1,-72,32.10525994,35.20699588,666.2916509,200,WIFI
f0:b0:52:be:d1:e7,,[WPA2-PSK-CCMP][ESS][BLE],30/10/2017 13:21,36,-69,32.10525994,35.20699588,666.2916509,200,WIFI
f0:b0:52:3e:d1:ec,Ariel_University,[ESS][BLE],30/10/2017 13:21,36,-73,32.10525994,35.20699588,666.2916509,200,WIFI
f0:b0:52:3e:d9:b8,Ariel_University,[ESS][BLE],30/10/2017 13:21,11,-80,32.10525994,35.20699588,666.2916509,200,WIFI
e0:10:7f:1e:55:48,Ariel_University,[ESS],30/10/2017 13:21,11,-91,32.10525994,35.20699588,666.2916509,200,WIFI
f0:b0:52:be:d9:b7,,[WPA2-PSK-CCMP][ESS][BLE],30/10/2017 13:21,40,-71,32.10525994,35.20699588,666.2916509,200,WIFI
f0:b0:52:be:d3:77,,[WPA2-PSK-CCMP][ESS][BLE],30/10/2017 13:21,36,-83,32.10525994,35.20699588,666.2916509,200,WIFI
f0:b0:52:be:d1:37,,[WPA2-PSK-CCMP][ESS][BLE],01/01/1970 02:00,60,-60,32.10524499,35.20701007,0,2.131394148,WIFI
f0:b0:52:3e:d1:ec,Ariel_University,[ESS][BLE],01/01/1970 02:00,36,-68,32.10524499,35.20701007,0,2.131394148,WIFI
f0:b0:52:3e:d1:38,Ariel_University,[ESS][BLE],30/10/2017 13:21,11,-47,32.10525994,35.20699588,666.2916509,200,WIFI
f0:b0:52:3e:d9:b8,Ariel_University,[ESS][BLE],30/10/2017 13:21,11,-75,32.10525994,35.20699588,666.2916509,200,WIFI
f0:b0:52:be:d1:37,,[WPA2-PSK-CCMP][ESS][BLE],30/10/2017 13:21,60,-48,32.10525994,35.20699588,666.2916509,200,WIFI
ec:8c:a2:0a:08:38,Ariel_University,[ESS][BLE],30/10/2017 13:21,1,-90,32.10525994,35.20699588,666.2916509,200,WIFI
f0:b0:52:3e:d1:38,Ariel_University,[ESS][BLE],30/10/2017 13:21,11,-42,32.10525994,35.20699588,666.2916509,200,WIFI
f0:b0:52:3e:d3:7c,Ariel_University,[ESS][BLE],30/10/2017 13:21,36,-78,32.10525994,35.20699588,666.2916509,200,WIFI
ec:8c:a2:0a:08:38,Ariel_University,[ESS][BLE],30/10/2017 13:21,1,-82,32.10525994,35.20699588,666.2916509,200,WIFI
9c:2a:83:a3:71:af,AndroidAP,[ESS][SEC80][SECD00],30/10/2017 13:21,6,-83,32.10525994,35.20699588,666.2916509,200,WIFI
